uri,nmethods,opTime,nblocks,ninsts,ts,bodySize,duration
/blurimage,8,233425614,7,8,2024-05-30T16:39:19.008826030Z,187330,233464656
/blurimage,8,74903116,7,8,2024-05-30T16:39:19.177369530Z,556650,74926793
/blurimage,8,77271282,7,8,2024-05-30T16:39:19.368081126Z,926182,77293143
/blurimage,8,88902864,7,8,2024-05-30T16:39:19.576528442Z,1294654,88925773
/blurimage,8,94670778,7,8,2024-05-30T16:39:19.812301479Z,1657622,94695084
/blurimage,8,93828890,7,8,2024-05-30T16:39:20.060720428Z,2024810,93850403
/blurimage,8,111818141,7,8,2024-05-30T16:39:20.338068483Z,2383442,111834693
/blurimage,8,123974662,7,8,2024-05-30T16:39:20.643361558Z,2747530,124023622
/blurimage,8,126385642,7,8,2024-05-30T16:39:20.962299159Z,3108794,126404430
/blurimage,8,153851678,7,8,2024-05-30T16:39:21.325702370Z,3479910,153871514
/blurimage,8,38191754,7,8,2024-05-30T16:39:21.464809704Z,562614,38208935
/blurimage,8,79412948,7,8,2024-05-30T16:39:21.640733444Z,1675762,79428034
/blurimage,8,111704506,7,8,2024-05-30T16:39:21.931903217Z,2778378,111749833
/blurimage,8,143976089,7,8,2024-05-30T16:39:22.297750584Z,3872566,144000324
/blurimage,8,188594865,7,8,2024-05-30T16:39:22.764557043Z,4967862,188614839
/blurimage,8,215100559,7,8,2024-05-30T16:39:23.289769005Z,6060662,215127449
/blurimage,8,252315908,7,8,2024-05-30T16:39:23.901002598Z,7162506,252334417
/blurimage,8,257569777,7,8,2024-05-30T16:39:24.554629840Z,8243122,257586959
/blurimage,8,282334146,7,8,2024-05-30T16:39:25.276206839Z,9324982,282353912
/blurimage,8,335556950,7,8,2024-05-30T16:39:26.094213262Z,10429530,335574272
/blurimage,8,53978785,7,8,2024-05-30T16:39:26.261255557Z,937142,54007909
/blurimage,8,118905807,7,8,2024-05-30T16:39:26.535946297Z,2791138,118927039
/blurimage,8,158233069,7,8,2024-05-30T16:39:26.947857072Z,4616842,158252345
/blurimage,8,229372695,7,8,2024-05-30T16:39:27.504414708Z,6454658,229399584
/blurimage,8,252710591,7,8,2024-05-30T16:39:28.177108458Z,8267794,252724979
/blurimage,8,359937044,7,8,2024-05-30T16:39:29.013112163Z,10114670,359956600
/blurimage,8,418321385,7,8,2024-05-30T16:39:30.003640832Z,11928686,418339403
/blurimage,8,377946688,7,8,2024-05-30T16:39:31.027914423Z,13735934,377961495
/blurimage,8,2366249608,7,8,2024-05-30T16:39:34.079940281Z,15580462,2366265044
/blurimage,8,552915254,7,8,2024-05-30T16:39:35.390176710Z,17373622,552933274
/blurimage,8,60119660,7,8,2024-05-30T16:39:35.579884942Z,1310774,60149273
/blurimage,8,134341387,7,8,2024-05-30T16:39:35.951882404Z,3895602,134372467
/blurimage,8,215160694,7,8,2024-05-30T16:39:36.506015650Z,6470742,215178853
/blurimage,8,324053530,7,8,2024-05-30T16:39:37.286766564Z,9038894,324073645
/blurimage,8,329911542,7,8,2024-05-30T16:39:38.166195219Z,11605442,329947999
/blurimage,8,3148402342,7,8,2024-05-30T16:39:41.935512860Z,14153274,3148418685
/blurimage,8,482717950,7,8,2024-05-30T16:39:43.135130772Z,16708730,482733455
/blurimage,8,539865859,7,8,2024-05-30T16:39:44.482615726Z,19225930,539880736
/blurimage,8,673786094,7,8,2024-05-30T16:39:46.051013782Z,21795510,673801390
/blurimage,8,696769327,7,8,2024-05-30T16:39:47.774788050Z,24323070,696781620
/blurimage,8,88556443,7,8,2024-05-30T16:39:48.005947608Z,1681410,88579282
/blurimage,8,190720326,7,8,2024-05-30T16:39:48.458358239Z,5021414,190753293
/blurimage,8,2354195896,7,8,2024-05-30T16:39:51.340509040Z,8338830,2354334254
/blurimage,8,329085648,7,8,2024-05-30T16:39:52.596707528Z,11613154,329104226
/blurimage,8,403867727,7,8,2024-05-30T16:39:53.661676953Z,14888162,403900762
/blurimage,8,483694285,7,8,2024-05-30T16:39:54.909586195Z,18158022,483712932
/blurimage,8,602079343,7,8,2024-05-30T16:39:56.407861749Z,21465218,602122784
/blurimage,8,635066466,7,8,2024-05-30T16:39:58.057915202Z,24715574,635087420
/blurimage,8,724996931,7,8,2024-05-30T16:39:59.925899183Z,28000978,725010131
/blurimage,8,801275326,7,8,2024-05-30T16:40:01.993622525Z,31283654,801350197
/blurimage,8,93640454,7,8,2024-05-30T16:40:02.246932438Z,2059330,93665318
/blurimage,8,185702387,7,8,2024-05-30T16:40:02.737349181Z,6137034,185727601
/blurimage,8,303511170,7,8,2024-05-30T16:40:07.122107407Z,10173298,303522624
/blurimage,8,390392709,7,8,2024-05-30T16:40:08.128340134Z,14202342,390406048
/blurimage,8,495874065,7,8,2024-05-30T16:40:09.382430690Z,18204262,495892014
/blurimage,8,573132565,7,8,2024-05-30T16:40:10.863992606Z,22226358,573145067
/blurimage,8,669421186,7,8,2024-05-30T16:40:12.583428157Z,26224590,669441511
/blurimage,8,765647927,7,8,2024-05-30T16:40:14.578857438Z,30216962,765663222
/blurimage,8,892491879,7,8,2024-05-30T16:40:16.829885457Z,34224738,892508571
/blurimage,8,956023438,7,8,2024-05-30T16:40:19.289315673Z,38209366,956047394
/blurimage,8,124475506,7,8,2024-05-30T16:40:19.584808798Z,2431086,124493176
/blurimage,8,216148763,7,8,2024-05-30T16:40:20.151144593Z,7252574,216161614
/blurimage,8,3085405779,7,8,2024-05-30T16:40:23.782387598Z,12033554,3085430085
/blurimage,8,455497761,7,8,2024-05-30T16:40:24.941301923Z,16778838,455512638
/blurimage,8,602337692,7,8,2024-05-30T16:40:26.437986942Z,21531306,602349146
/blurimage,8,677645687,7,8,2024-05-30T16:40:28.176090826Z,26267838,677663987
/blurimage,8,797609965,7,8,2024-05-30T16:40:30.228080917Z,30997114,797639090
/blurimage,8,909657470,7,8,2024-05-30T16:40:34.336797501Z,35723638,909678912
/blurimage,8,1016136393,7,8,2024-05-30T16:40:36.957391817Z,40442998,1016158044
/blurimage,8,1147612402,7,8,2024-05-30T16:40:39.899871527Z,45165422,1147625322
/blurimage,8,140411442,7,8,2024-05-30T16:40:40.240850878Z,2810342,140436236
/blurimage,8,269900697,7,8,2024-05-30T16:40:40.904674498Z,8362866,269911592
/blurimage,8,392384211,7,8,2024-05-30T16:40:41.901672304Z,13872290,392398948
/blurimage,8,578510266,7,8,2024-05-30T16:40:43.274395442Z,19374698,578520883
/blurimage,8,656889677,7,8,2024-05-30T16:40:44.942469295Z,24854270,656901062
/blurimage,8,756265498,7,8,2024-05-30T16:40:46.921339082Z,30313218,756284496
/blurimage,8,889223087,7,8,2024-05-30T16:40:51.991843666Z,35770998,889234471
/blurimage,8,1044158239,7,8,2024-05-30T16:40:54.681943631Z,41225202,1044223612
/blurimage,8,1180379940,7,8,2024-05-30T16:40:57.710331828Z,46679362,1180396772
/blurimage,8,1320764422,7,8,2024-05-30T16:41:01.103820560Z,52113102,1320788099
/blurimage,8,144329634,7,8,2024-05-30T16:41:01.451971459Z,3181722,144356663
/blurimage,8,270695022,7,8,2024-05-30T16:41:02.157032755Z,9479162,270710806
/blurimage,8,445797268,7,8,2024-05-30T16:41:03.271250569Z,15720638,445812353
/blurimage,8,579528856,7,8,2024-05-30T16:41:04.742573293Z,21959998,579545270
/blurimage,8,711687721,7,8,2024-05-30T16:41:06.573230665Z,28142478,711701409
/blurimage,8,857622345,7,8,2024-05-30T16:41:08.810383186Z,34343022,857635406
/blurimage,8,1033807647,7,8,2024-05-30T16:41:11.449869123Z,40521434,1033829229
/blurimage,8,1167795560,7,8,2024-05-30T16:41:14.468782210Z,46739898,1167807224
/blurimage,8,1326064457,7,8,2024-05-30T16:41:21.525737338Z,52894022,1326083385
/blurimage,8,1515775343,7,8,2024-05-30T16:41:25.366393797Z,59064606,1515793153
/blurimage,8,165082221,7,8,2024-05-30T16:41:25.742859534Z,3553038,165098914
/blurimage,8,324635951,7,8,2024-05-30T16:41:26.545438828Z,10593910,324662072
/blurimage,8,474615325,7,8,2024-05-30T16:41:27.749928638Z,17568586,474626429
/blurimage,8,654783632,7,8,2024-05-30T16:41:29.442461716Z,24528158,654800813
/blurimage,8,806143731,7,8,2024-05-30T16:41:31.509634626Z,31482958,806160354
/blurimage,8,958789710,7,8,2024-05-30T16:41:33.996411726Z,38357090,958804865
/blurimage,8,1125801832,7,8,2024-05-30T16:41:36.872213520Z,45295986,1125817966
/blurimage,8,1319361906,7,8,2024-05-30T16:41:40.212791157Z,52214782,1319377690
/blurimage,8,1510769696,7,8,2024-05-30T16:41:46.712476880Z,59112930,1510785411
/blurimage,8,1701174402,7,8,2024-05-30T16:41:50.969630424Z,66030630,1701189139
/blurimage,8,21583650,7,8,2024-05-30T16:41:51.077294653Z,187330,21597478
/blurimage,8,35122643,7,8,2024-05-30T16:41:51.203296089Z,556650,35136543
/blurimage,8,42235384,7,8,2024-05-30T16:41:51.351196445Z,926182,42253612
/blurimage,8,55582938,7,8,2024-05-30T16:41:51.519622749Z,1294654,55600888
/blurimage,8,65882824,7,8,2024-05-30T16:41:51.723968954Z,1657622,65899098
/blurimage,8,70120478,7,8,2024-05-30T16:41:51.948399769Z,2024810,70138497
/blurimage,8,110720837,7,8,2024-05-30T16:41:52.225249215Z,2383442,110741021
/blurimage,8,94076483,7,8,2024-05-30T16:41:52.501371107Z,2747530,94087519
/blurimage,8,103882021,7,8,2024-05-30T16:41:52.799496684Z,3108794,103900948
/blurimage,8,131548297,7,8,2024-05-30T16:41:53.150875796Z,3479910,131576025
/blurimage,8,35429394,7,8,2024-05-30T16:41:53.280717409Z,562614,35443153
/blurimage,8,55540264,7,8,2024-05-30T16:41:53.432865268Z,1675762,55557864
/blurimage,8,112531936,7,8,2024-05-30T16:41:53.722876416Z,2778378,112546533
/blurimage,8,135186139,7,8,2024-05-30T16:41:54.096982577Z,3872566,135202552
/blurimage,8,167883414,7,8,2024-05-30T16:41:54.545361801Z,4967862,167905834
/blurimage,8,184402120,7,8,2024-05-30T16:41:55.033252462Z,6060662,184412597
/blurimage,8,223269255,7,8,2024-05-30T16:41:55.607084505Z,7162506,223279383
/blurimage,8,241943525,7,8,2024-05-30T16:41:56.238817295Z,8243122,241953373
/blurimage,8,283932713,7,8,2024-05-30T16:41:56.940375896Z,9324982,283947939
/blurimage,8,325846051,7,8,2024-05-30T16:41:57.728818270Z,10429530,325858064
/blurimage,8,37159824,7,8,2024-05-30T16:41:57.875756609Z,937142,37176167
/blurimage,8,87114255,7,8,2024-05-30T16:41:58.108239692Z,2791138,87141354
/blurimage,8,133579959,7,8,2024-05-30T16:41:58.486849609Z,4616842,133596233
/blurimage,8,176955739,7,8,2024-05-30T16:41:58.973438815Z,6454658,176969359
/blurimage,8,233799973,7,8,2024-05-30T16:41:59.605841331Z,8267794,233819598
/blurimage,8,284819929,7,8,2024-05-30T16:42:00.339048794Z,10114670,284831871
/blurimage,8,331137007,7,8,2024-05-30T16:42:01.199612228Z,11928686,331150626
/blurimage,8,377417697,7,8,2024-05-30T16:42:02.178662342Z,13735934,377437742
/blurimage,8,470625264,7,8,2024-05-30T16:42:03.321561250Z,15580462,470638534
/blurimage,8,485160708,7,8,2024-05-30T16:42:04.550678747Z,17373622,485180543
/blurimage,8,50569049,7,8,2024-05-30T16:42:04.732478796Z,1310774,50583717
/blurimage,8,115281305,7,8,2024-05-30T16:42:05.076171198Z,3895602,115294226
/blurimage,8,186219365,7,8,2024-05-30T16:42:05.585806985Z,6470742,186232216
/blurimage,8,259318786,7,8,2024-05-30T16:42:06.270335350Z,9038894,259336945
/blurimage,8,322548973,7,8,2024-05-30T16:42:07.109970053Z,11605442,322564198
/blurimage,8,386658553,7,8,2024-05-30T16:42:08.114613363Z,14153274,386675315
/blurimage,8,453638611,7,8,2024-05-30T16:42:09.276893421Z,16708730,453649156
/blurimage,8,541847305,7,8,2024-05-30T16:42:10.620037075Z,19225930,541874335
/blurimage,8,580434859,7,8,2024-05-30T16:42:12.112024035Z,21795510,580447292
/blurimage,8,651136780,7,8,2024-05-30T16:42:13.796021950Z,24323070,651150051
/blurimage,8,62998449,7,8,2024-05-30T16:42:14.006825908Z,1681410,63015629
/blurimage,8,145388104,7,8,2024-05-30T16:42:14.422547527Z,5021414,145399489
/blurimage,8,243234434,7,8,2024-05-30T16:42:15.060818599Z,8338830,243253571
/blurimage,8,341541587,7,8,2024-05-30T16:42:15.919036007Z,11613154,341557720
/blurimage,8,408589182,7,8,2024-05-30T16:42:16.968524594Z,14888162,408607062
/blurimage,8,508805983,7,8,2024-05-30T16:42:18.246801918Z,18158022,508818415
/blurimage,8,574521114,7,8,2024-05-30T16:42:19.716378078Z,21465218,574534523
/blurimage,8,670692468,7,8,2024-05-30T16:42:21.408145049Z,24715574,670709021
/blurimage,8,849009238,7,8,2024-05-30T16:42:23.420198079Z,28000978,849035499
/blurimage,8,889036257,7,8,2024-05-30T16:42:25.584889475Z,31283654,889047991
/blurimage,8,75402913,7,8,2024-05-30T16:42:25.829888003Z,2059330,75419675
/blurimage,8,198755204,7,8,2024-05-30T16:42:26.342575230Z,6137034,198766798
/blurimage,8,288268357,7,8,2024-05-30T16:42:27.110756013Z,10173298,288279321
/blurimage,8,392300679,7,8,2024-05-30T16:42:28.117735361Z,14202342,392317721
/blurimage,8,516299857,7,8,2024-05-30T16:42:29.412773327Z,18204262,516315920
/blurimage,8,621862859,7,8,2024-05-30T16:42:31.084419789Z,22226358,621875150
/blurimage,8,706795079,7,8,2024-05-30T16:42:32.951626347Z,26224590,706813518
/blurimage,8,813494567,7,8,2024-05-30T16:42:34.996981354Z,30216962,813509373
/blurimage,8,951797378,7,8,2024-05-30T16:42:37.526098811Z,34224738,951808484
/blurimage,8,1031183716,7,8,2024-05-30T16:42:40.094764793Z,38209366,1031205298
/blurimage,8,87870864,7,8,2024-05-30T16:42:40.361697792Z,2431086,87890281
/blurimage,8,221741999,7,8,2024-05-30T16:42:40.939641352Z,7252574,221754432
/blurimage,8,341537466,7,8,2024-05-30T16:42:41.816534986Z,12033554,341559397
/blurimage,8,499245246,7,8,2024-05-30T16:42:43.038762262Z,16778838,499262566
/blurimage,8,586274991,7,8,2024-05-30T16:42:44.539650223Z,21531306,586293150
/blurimage,8,709928795,7,8,2024-05-30T16:42:46.325362093Z,26267838,709943811
/blurimage,8,848222807,7,8,2024-05-30T16:42:48.444705412Z,30997114,848235657
/blurimage,8,991563323,7,8,2024-05-30T16:42:50.866520568Z,35723638,991593566
/blurimage,8,1170490032,7,8,2024-05-30T16:42:53.673844451Z,40442998,1170506655
/blurimage,8,1214828878,7,8,2024-05-30T16:42:56.720876187Z,45165422,1214840751
/blurimage,8,102153756,7,8,2024-05-30T16:42:57.023744033Z,2810342,102165350
/blurimage,8,238830553,7,8,2024-05-30T16:42:57.663641679Z,8362866,238895228
/blurimage,8,396589318,7,8,2024-05-30T16:42:58.672246483Z,13872290,396601122
/blurimage,8,541231290,7,8,2024-05-30T16:43:00.027462008Z,19374698,541240859
/blurimage,8,758010944,7,8,2024-05-30T16:43:01.857121044Z,24854270,758021770
/blurimage,8,961220106,7,8,2024-05-30T16:43:04.208394569Z,30313218,961232398
/blurimage,8,1028519206,7,8,2024-05-30T16:43:06.880508289Z,35770998,1028530171
/blurimage,8,1196517512,7,8,2024-05-30T16:43:09.815976740Z,41225202,1196539024
/blurimage,8,1317459032,7,8,2024-05-30T16:43:13.085904770Z,46679362,1317475656
/blurimage,8,1467244522,7,8,2024-05-30T16:43:16.725518877Z,52113102,1467255836
/blurimage,8,114314678,7,8,2024-05-30T16:43:17.057192487Z,3181722,114328507
/blurimage,8,280841462,7,8,2024-05-30T16:43:17.796630713Z,9479162,280852427
/blurimage,8,450464456,7,8,2024-05-30T16:43:18.944532894Z,15720638,450483523
/blurimage,8,649935760,7,8,2024-05-30T16:43:20.535852791Z,21959998,649955875
/blurimage,8,801222315,7,8,2024-05-30T16:43:22.559943261Z,28142478,801240963
/blurimage,8,985347786,7,8,2024-05-30T16:43:25.031150123Z,34343022,985366854
/blurimage,8,1157697311,7,8,2024-05-30T16:43:27.932946012Z,40521434,1157710651
/blurimage,8,1370699297,7,8,2024-05-30T16:43:31.317772397Z,46739898,1370711311
/blurimage,8,1522343518,7,8,2024-05-30T16:43:35.094277440Z,52894022,1522359652
/blurimage,8,1732473911,7,8,2024-05-30T16:43:39.389585163Z,59064606,1732490952
/blurimage,8,152393496,7,8,2024-05-30T16:43:39.785257723Z,3553038,152404951
/blurimage,8,330945847,7,8,2024-05-30T16:43:40.641020289Z,10593910,330958138
/blurimage,8,542669497,7,8,2024-05-30T16:43:41.947519001Z,17568586,542688914
/blurimage,8,703476978,7,8,2024-05-30T16:43:43.762633723Z,24528158,703491366
/blurimage,8,915625204,7,8,2024-05-30T16:43:46.045459929Z,31482958,915643573
/blurimage,8,1137422519,7,8,2024-05-30T16:43:48.820478077Z,38357090,1137441865
/blurimage,8,1267865271,7,8,2024-05-30T16:43:52.026675704Z,45295986,1267884059
/blurimage,8,1427913139,7,8,2024-05-30T16:43:55.633358072Z,52214782,1427928854
/blurimage,8,1661205703,7,8,2024-05-30T16:43:59.702987585Z,59112930,1661216668
/blurimage,8,1917654500,7,8,2024-05-30T16:44:04.327086358Z,66030630,1917672031
/blurimage,8,9966525,7,8,2024-05-30T16:44:04.431795739Z,187330,9979865
/blurimage,8,24542268,7,8,2024-05-30T16:44:04.556840815Z,556650,24554910
/blurimage,8,38020779,7,8,2024-05-30T16:44:04.715036378Z,926182,38033770
/blurimage,8,53812698,7,8,2024-05-30T16:44:04.895557672Z,1294654,53826807
/blurimage,8,58385458,7,8,2024-05-30T16:44:05.098436755Z,1657622,58396773
/blurimage,8,72623371,7,8,2024-05-30T16:44:05.328890829Z,2024810,72644394
/blurimage,8,83618543,7,8,2024-05-30T16:44:05.587670986Z,2383442,83638589
/blurimage,8,99371002,7,8,2024-05-30T16:44:05.881491930Z,2747530,99382386
/blurimage,8,110997694,7,8,2024-05-30T16:44:06.193494820Z,3108794,111009638
/blurimage,8,121537142,7,8,2024-05-30T16:44:06.536687496Z,3479910,121549854
/blurimage,8,25597806,7,8,2024-05-30T16:44:06.660558581Z,562614,25612473
/blurimage,8,56142172,7,8,2024-05-30T16:44:06.821456020Z,1675762,56153555
/blurimage,8,103202658,7,8,2024-05-30T16:44:07.126987049Z,2778378,103220189
/blurimage,8,122983311,7,8,2024-05-30T16:44:07.486012013Z,3872566,122998536
/blurimage,8,150509481,7,8,2024-05-30T16:44:07.917511094Z,4967862,150520866
/blurimage,8,199245781,7,8,2024-05-30T16:44:08.453223600Z,6060662,199264080
/blurimage,8,218482496,7,8,2024-05-30T16:44:09.040554757Z,7162506,218497303
/blurimage,8,252943238,7,8,2024-05-30T16:44:09.700414577Z,8243122,252954203
/blurimage,8,275511744,7,8,2024-05-30T16:44:10.433574687Z,9324982,275528087
/blurimage,8,327659454,7,8,2024-05-30T16:44:11.254725093Z,10429530,327670350
/blurimage,8,37956453,7,8,2024-05-30T16:44:11.408237264Z,937142,37967209
/blurimage,8,95961127,7,8,2024-05-30T16:44:11.656082313Z,2791138,95986270
/blurimage,8,139124515,7,8,2024-05-30T16:44:12.068460268Z,4616842,139150356
/blurimage,8,195446252,7,8,2024-05-30T16:44:12.595472154Z,6454658,195456310
/blurimage,8,294341274,7,8,2024-05-30T16:44:13.342391682Z,8267794,294360620
/blurimage,8,298279511,7,8,2024-05-30T16:44:14.121704529Z,10114670,298290477
/blurimage,8,357744882,7,8,2024-05-30T16:44:15.063081822Z,11928686,357766463
/blurimage,8,409744804,7,8,2024-05-30T16:44:16.142709755Z,13735934,409762894
/blurimage,8,455046296,7,8,2024-05-30T16:44:17.307026435Z,15580462,455060683
/blurimage,8,501629616,7,8,2024-05-30T16:44:18.619004120Z,17373622,501644772
/blurimage,8,53088985,7,8,2024-05-30T16:44:18.809673671Z,1310774,53110357
/blurimage,8,134505658,7,8,2024-05-30T16:44:19.183410083Z,3895602,134868772
/blurimage,8,196360218,7,8,2024-05-30T16:44:19.741527802Z,6470742,196377958
/blurimage,8,283590832,7,8,2024-05-30T16:44:20.489081714Z,9038894,283605080
/blurimage,8,374673496,7,8,2024-05-30T16:44:21.461691117Z,11605442,374691585
/blurimage,8,415584028,7,8,2024-05-30T16:44:22.540878270Z,14153274,415599463
/blurimage,8,480847066,7,8,2024-05-30T16:44:23.820328887Z,16708730,480862780
/blurimage,8,569846662,7,8,2024-05-30T16:44:25.213624418Z,19225930,569857628
/blurimage,8,669950177,7,8,2024-05-30T16:44:26.865743757Z,21795510,669964495
/blurimage,8,692344215,7,8,2024-05-30T16:44:28.633806512Z,24323070,692361536
/blurimage,8,65061261,7,8,2024-05-30T16:44:28.847764231Z,1681410,65079909
/blurimage,8,150462827,7,8,2024-05-30T16:44:29.266551747Z,5021414,150473303
/blurimage,8,249788780,7,8,2024-05-30T16:44:29.914131633Z,8338830,249801281
/blurimage,8,330783811,7,8,2024-05-30T16:44:30.762748284Z,11613154,330800992
/blurimage,8,435895906,7,8,2024-05-30T16:44:31.843600355Z,14888162,435913577
/blurimage,8,556121118,7,8,2024-05-30T16:44:33.218866825Z,18158022,556141232
/blurimage,8,658622901,7,8,2024-05-30T16:44:34.810424189Z,21465218,658653422
/blurimage,8,753130945,7,8,2024-05-30T16:44:36.680098091Z,24715574,753148615
/blurimage,8,811412127,7,8,2024-05-30T16:44:38.740147923Z,28000978,811426795
/blurimage,8,949335972,7,8,2024-05-30T16:44:41.121910847Z,31283654,949349801
/blurimage,8,79937468,7,8,2024-05-30T16:44:41.376403692Z,2059330,79955348
/blurimage,8,185621090,7,8,2024-05-30T16:44:41.886760398Z,6137034,185633871
/blurimage,8,321972978,7,8,2024-05-30T16:44:42.729324246Z,10173298,321990229
/blurimage,8,405405390,7,8,2024-05-30T16:44:43.827617998Z,14202342,405418171
/blurimage,8,525559501,7,8,2024-05-30T16:44:45.192962154Z,18204262,525579336
/blurimage,8,635056130,7,8,2024-05-30T16:44:46.789412787Z,22226358,635076104
/blurimage,8,728536923,7,8,2024-05-30T16:44:48.617744527Z,26224590,728546980
/blurimage,8,847618805,7,8,2024-05-30T16:44:50.768377437Z,30216962,847631376
/blurimage,8,1078662004,7,8,2024-05-30T16:44:53.310030175Z,34224738,1078673528
/blurimage,8,1065221489,7,8,2024-05-30T16:44:55.966219971Z,38209366,1065233920
/blurimage,8,89722611,7,8,2024-05-30T16:44:56.239838900Z,2431086,89741749
/blurimage,8,218794485,7,8,2024-05-30T16:44:56.836032853Z,7252574,218807407
/blurimage,8,345884564,7,8,2024-05-30T16:44:57.759417823Z,12033554,345897276
/blurimage,8,539048836,7,8,2024-05-30T16:44:59.045292807Z,16778838,539064272
/blurimage,8,639243986,7,8,2024-05-30T16:45:00.623286173Z,21531306,639264519
/blurimage,8,741776221,7,8,2024-05-30T16:45:02.494120726Z,26267838,741797941
/blurimage,8,922442858,7,8,2024-05-30T16:45:04.848524893Z,30997114,922459760
/blurimage,8,1073654890,7,8,2024-05-30T16:45:07.518640544Z,35723638,1073670326
/blurimage,8,1151851523,7,8,2024-05-30T16:45:10.412924539Z,40442998,1151869612
/blurimage,8,1338491552,7,8,2024-05-30T16:45:13.652903475Z,45165422,1338508733
/blurimage,8,104823924,7,8,2024-05-30T16:45:13.953628538Z,2810342,104838381
/blurimage,8,246152962,7,8,2024-05-30T16:45:14.604419735Z,8362866,246167560
/blurimage,8,403571593,7,8,2024-05-30T16:45:15.629228672Z,13872290,403584932
/blurimage,8,542430983,7,8,2024-05-30T16:45:16.984105389Z,19374698,542449142
/blurimage,8,739555284,7,8,2024-05-30T16:45:18.830473173Z,24854270,739577074
/blurimage,8,873668564,7,8,2024-05-30T16:45:21.043305667Z,30313218,873682462
/blurimage,8,1064114198,7,8,2024-05-30T16:45:23.624675810Z,35770998,1064134522
/blurimage,8,1164667572,7,8,2024-05-30T16:45:26.537138050Z,41225202,1164685731
/blurimage,8,1296143302,7,8,2024-05-30T16:45:29.756853159Z,46679362,1296154336
/blurimage,8,1532126775,7,8,2024-05-30T16:45:33.427404010Z,52113102,1532142979
/blurimage,8,117162246,7,8,2024-05-30T16:45:33.756046574Z,3181722,117182222
/blurimage,8,321566142,7,8,2024-05-30T16:45:34.539470869Z,9479162,321579133
/blurimage,8,470565967,7,8,2024-05-30T16:45:35.735959116Z,15720638,470587339
/blurimage,8,661430240,7,8,2024-05-30T16:45:37.482248599Z,21959998,661450145
/blurimage,8,800975908,7,8,2024-05-30T16:45:39.530272446Z,28142478,800989109
/blurimage,8,986710703,7,8,2024-05-30T16:45:41.941680018Z,34343022,986724182
/blurimage,8,1197128778,7,8,2024-05-30T16:45:44.865776145Z,40521434,1197147496
/blurimage,8,1290050269,7,8,2024-05-30T16:45:48.178343810Z,46739898,1290073945
/blurimage,8,1430881885,7,8,2024-05-30T16:45:51.770902528Z,52894022,1430893200
/blurimage,8,1772718420,7,8,2024-05-30T16:45:56.119223596Z,59064606,1772736159
/blurimage,8,134240255,7,8,2024-05-30T16:45:56.480340637Z,3553038,134256109
/blurimage,8,293106171,7,8,2024-05-30T16:45:57.292009996Z,10593910,293121955
/blurimage,8,499250833,7,8,2024-05-30T16:45:58.549968877Z,17568586,499266618
/blurimage,8,667561757,7,8,2024-05-30T16:46:00.257575470Z,24528158,667574049
/blurimage,8,855369142,7,8,2024-05-30T16:46:02.387984503Z,31482958,855381992
/blurimage,8,1042154514,7,8,2024-05-30T16:46:05.042853079Z,38357090,1042166526
/blurimage,8,1251141576,7,8,2024-05-30T16:46:08.121257239Z,45295986,1251152891
/blurimage,8,1410481446,7,8,2024-05-30T16:46:11.639083817Z,52214782,1410493949
/blurimage,8,1618240459,7,8,2024-05-30T16:46:15.630965718Z,59112930,1618259736
/blurimage,8,1756941098,7,8,2024-05-30T16:46:20.006061096Z,66030630,1756957651
/blurimage,8,9826770,7,8,2024-05-30T16:46:20.106684034Z,187330,9845417
/blurimage,8,23938546,7,8,2024-05-30T16:46:20.222040071Z,556650,23951676
/blurimage,8,37020767,7,8,2024-05-30T16:46:20.368650637Z,926182,37038576
/blurimage,8,49796447,7,8,2024-05-30T16:46:20.541854621Z,1294654,49810135
/blurimage,8,64221329,7,8,2024-05-30T16:46:20.746073083Z,1657622,64235088
/blurimage,8,67322777,7,8,2024-05-30T16:46:20.964369937Z,2024810,67340587
/blurimage,8,89077961,7,8,2024-05-30T16:46:21.225868243Z,2383442,89094164
/blurimage,8,91791291,7,8,2024-05-30T16:46:21.506351760Z,2747530,91808472
/blurimage,8,102873349,7,8,2024-05-30T16:46:21.806110056Z,3108794,102899330
/blurimage,8,116173688,7,8,2024-05-30T16:46:22.153216314Z,3479910,116187657
/blurimage,8,23240116,7,8,2024-05-30T16:46:22.270898961Z,562614,23256390
/blurimage,8,57131637,7,8,2024-05-30T16:46:22.432018570Z,1675762,57150844
/blurimage,8,84252299,7,8,2024-05-30T16:46:22.702969077Z,2778378,84271436
/blurimage,8,161545721,7,8,2024-05-30T16:46:23.089140126Z,3872566,161559201
/blurimage,8,150624931,7,8,2024-05-30T16:46:23.539363414Z,4967862,150640577
/blurimage,8,173183520,7,8,2024-05-30T16:46:24.036428860Z,6060662,173196231
/blurimage,8,205395317,7,8,2024-05-30T16:46:24.588917025Z,7162506,205410612
/blurimage,8,233419887,7,8,2024-05-30T16:46:25.214317570Z,8243122,233434205
/blurimage,8,263117267,7,8,2024-05-30T16:46:25.917218972Z,9324982,263134029
/blurimage,8,304654710,7,8,2024-05-30T16:46:26.739832728Z,10429530,304673707
/blurimage,8,37114426,7,8,2024-05-30T16:46:26.894270110Z,937142,37125880
/blurimage,8,86966048,7,8,2024-05-30T16:46:27.131978845Z,2791138,86981344
/blurimage,8,135660512,7,8,2024-05-30T16:46:27.518658351Z,4616842,135679719
/blurimage,8,180336769,7,8,2024-05-30T16:46:28.022441296Z,6454658,180349620
/blurimage,8,237317754,7,8,2024-05-30T16:46:28.652773176Z,8267794,237332840
/blurimage,8,276716885,7,8,2024-05-30T16:46:29.391989511Z,10114670,276731830
/blurimage,8,332914790,7,8,2024-05-30T16:46:30.255109967Z,11928686,332942867
/blurimage,8,380047286,7,8,2024-05-30T16:46:31.242529925Z,13735934,380063000
/blurimage,8,453117582,7,8,2024-05-30T16:46:32.379764148Z,15580462,453131061
/blurimage,8,486968245,7,8,2024-05-30T16:46:33.629578707Z,17373622,486985216
/blurimage,8,55572811,7,8,2024-05-30T16:46:33.820629321Z,1310774,55585592
/blurimage,8,127623749,7,8,2024-05-30T16:46:34.175766335Z,3895602,127644492
/blurimage,8,183178192,7,8,2024-05-30T16:46:34.680313781Z,6470742,183196699
/blurimage,8,253383738,7,8,2024-05-30T16:46:35.358785432Z,9038894,253400081
/blurimage,8,314034135,7,8,2024-05-30T16:46:36.200353947Z,11605442,314055576
/blurimage,8,411609892,7,8,2024-05-30T16:46:37.234193303Z,14153274,411629587
/blurimage,8,454359879,7,8,2024-05-30T16:46:38.417291602Z,16708730,454371752
/blurimage,8,523248536,7,8,2024-05-30T16:46:39.758843603Z,19225930,523261317
/blurimage,8,650548563,7,8,2024-05-30T16:46:41.319446763Z,21795510,650567210
/blurimage,8,696804668,7,8,2024-05-30T16:46:43.026738992Z,24323070,696816681
/blurimage,8,67582313,7,8,2024-05-30T16:46:43.264596842Z,1681410,67634207
/blurimage,8,151449708,7,8,2024-05-30T16:46:43.685937958Z,5021414,151461931
/blurimage,8,248614998,7,8,2024-05-30T16:46:44.334985874Z,8338830,248626242
/blurimage,8,329461613,7,8,2024-05-30T16:46:45.187734087Z,11613154,329474394
/blurimage,8,410477178,7,8,2024-05-30T16:46:46.266626364Z,14888162,410488074
/blurimage,8,509463834,7,8,2024-05-30T16:46:47.556974582Z,18158022,509480946
/blurimage,8,595912835,7,8,2024-05-30T16:46:49.064311216Z,21465218,595929318
/blurimage,8,670716424,7,8,2024-05-30T16:46:50.764598962Z,24715574,670732140
/blurimage,8,752530226,7,8,2024-05-30T16:46:52.667765232Z,28000978,752551527
/blurimage,8,836841123,7,8,2024-05-30T16:46:54.836613403Z,31283654,836854463
/blurimage,8,76283493,7,8,2024-05-30T16:46:55.078980736Z,2059330,76305005
/blurimage,8,176382957,7,8,2024-05-30T16:46:55.571211370Z,6137034,176394132
/blurimage,8,288156049,7,8,2024-05-30T16:46:56.328457115Z,10173298,288174487
/blurimage,8,387179442,7,8,2024-05-30T16:46:57.334871852Z,14202342,387195715
/blurimage,8,502806261,7,8,2024-05-30T16:46:58.600629611Z,18204262,502825607
/blurimage,8,607224047,7,8,2024-05-30T16:47:00.153585661Z,22226358,607242066
/blurimage,8,700193799,7,8,2024-05-30T16:47:01.941119526Z,26224590,700213914
/blurimage,8,804169758,7,8,2024-05-30T16:47:04.040735343Z,30216962,804182540
/blurimage,8,922483716,7,8,2024-05-30T16:47:06.362984425Z,34224738,922499361
/blurimage,8,1034812060,7,8,2024-05-30T16:47:08.965452599Z,38209366,1034831895
/blurimage,8,86556140,7,8,2024-05-30T16:47:09.234594313Z,2431086,86574579
/blurimage,8,206513643,7,8,2024-05-30T16:47:09.802833468Z,7252574,206528799
/blurimage,8,344225025,7,8,2024-05-30T16:47:10.704416181Z,12033554,344238225
/blurimage,8,460011434,7,8,2024-05-30T16:47:11.881131389Z,16778838,460027149
/blurimage,8,639708442,7,8,2024-05-30T16:47:13.453540807Z,21531306,639727788
/blurimage,8,706115088,7,8,2024-05-30T16:47:15.254412448Z,26267838,706128358
/blurimage,8,859487433,7,8,2024-05-30T16:47:17.402129413Z,30997114,859503288
/blurimage,8,974607191,7,8,2024-05-30T16:47:19.836465112Z,35723638,974619973
/blurimage,8,1122565657,7,8,2024-05-30T16:47:22.638614538Z,40442998,1122582909
/blurimage,8,1219691626,7,8,2024-05-30T16:47:25.714585926Z,45165422,1219701474
/blurimage,8,102616955,7,8,2024-05-30T16:47:26.015271459Z,2810342,102634416
/blurimage,8,248370338,7,8,2024-05-30T16:47:26.678312977Z,8362866,248389195
/blurimage,8,391226215,7,8,2024-05-30T16:47:27.681241850Z,13872290,391237669
/blurimage,8,535464354,7,8,2024-05-30T16:47:29.025815190Z,19374698,535484050
/blurimage,8,668960571,7,8,2024-05-30T16:47:30.718393177Z,24854270,668977823
/blurimage,8,903116464,7,8,2024-05-30T16:47:32.877569560Z,30313218,903138046
/blurimage,8,985403801,7,8,2024-05-30T16:47:35.309528433Z,35770998,985423636
/blurimage,8,1239418639,7,8,2024-05-30T16:47:38.231494Z,41225202,1239432608
/blurimage,8,1297452228,7,8,2024-05-30T16:47:41.572778658Z,46679362,1297468991
/blurimage,8,1592989634,7,8,2024-05-30T16:47:45.605908502Z,52113102,1593009120
/blurimage,8,119488997,7,8,2024-05-30T16:47:45.981619097Z,3181722,119510787
/blurimage,8,279380347,7,8,2024-05-30T16:47:46.715715522Z,9479162,279392639
/blurimage,8,462151074,7,8,2024-05-30T16:47:47.863083473Z,15720638,462169234
/blurimage,8,618358695,7,8,2024-05-30T16:47:49.434359619Z,21959998,618374830
/blurimage,8,764129470,7,8,2024-05-30T16:47:51.485606162Z,28142478,764149236
/blurimage,8,1021852832,7,8,2024-05-30T16:47:54.011725679Z,34343022,1021870991
/blurimage,8,1181093246,7,8,2024-05-30T16:47:56.898366477Z,40521434,1181112174
/blurimage,8,1320858152,7,8,2024-05-30T16:48:00.145026313Z,46739898,1320884413
/blurimage,8,1596233981,7,8,2024-05-30T16:48:03.934393991Z,52894022,1596253466
/blurimage,8,1653139885,7,8,2024-05-30T16:48:08.243239660Z,59064606,1653156577
/blurimage,8,124283228,7,8,2024-05-30T16:48:08.595188063Z,3553038,124316124
/blurimage,8,310768975,7,8,2024-05-30T16:48:09.405963362Z,10593910,310781476
/blurimage,8,510305721,7,8,2024-05-30T16:48:10.695142898Z,17568586,510324440
/blurimage,8,672543378,7,8,2024-05-30T16:48:12.413176909Z,24528158,672555391
/blurimage,8,871278816,7,8,2024-05-30T16:48:14.763322819Z,31482958,871291038
/blurimage,8,1116194649,7,8,2024-05-30T16:48:17.513632961Z,38357090,1116208479
/blurimage,8,1276197540,7,8,2024-05-30T16:48:20.689227274Z,45295986,1276215280
/blurimage,8,1650366001,7,8,2024-05-30T16:48:24.618771232Z,52214782,1650383880
/blurimage,8,1632558483,7,8,2024-05-30T16:48:28.692106824Z,59112930,1632571962
/blurimage,8,1872602489,7,8,2024-05-30T16:48:33.407879273Z,66030630,1872615898
/blurimage,8,9319290,7,8,2024-05-30T16:48:33.507959879Z,187330,9333119
/blurimage,8,24232515,7,8,2024-05-30T16:48:33.625653631Z,556650,24250185
/blurimage,8,36612883,7,8,2024-05-30T16:48:33.769022994Z,926182,36631043
/blurimage,8,47953220,7,8,2024-05-30T16:48:33.943807734Z,1294654,47968935
/blurimage,8,60199210,7,8,2024-05-30T16:48:34.146053481Z,1657622,60238602
/blurimage,8,69426309,7,8,2024-05-30T16:48:34.375128924Z,2024810,69449007
/blurimage,8,84311665,7,8,2024-05-30T16:48:34.631916041Z,2383442,84324168
/blurimage,8,89489406,7,8,2024-05-30T16:48:34.905502982Z,2747530,89507007
/blurimage,8,100964889,7,8,2024-05-30T16:48:35.211627467Z,3108794,100977321
/blurimage,8,112841271,7,8,2024-05-30T16:48:35.539320027Z,3479910,112856706
/blurimage,8,28380630,7,8,2024-05-30T16:48:35.667847474Z,562614,28395366
/blurimage,8,56369230,7,8,2024-05-30T16:48:35.833885916Z,1675762,56387809
/blurimage,8,86705255,7,8,2024-05-30T16:48:36.107000089Z,2778378,86723483
/blurimage,8,117343838,7,8,2024-05-30T16:48:36.456406556Z,3872566,117360322
/blurimage,8,150997963,7,8,2024-05-30T16:48:36.884631816Z,4967862,151014097
/blurimage,8,177535646,7,8,2024-05-30T16:48:37.386827998Z,6060662,177554504
/blurimage,8,214527288,7,8,2024-05-30T16:48:37.962940345Z,7162506,214546286
/blurimage,8,232213838,7,8,2024-05-30T16:48:38.603254953Z,8243122,232229623
/blurimage,8,300148021,7,8,2024-05-30T16:48:39.382696172Z,9324982,300168066
/blurimage,8,339508457,7,8,2024-05-30T16:48:40.310564713Z,10429530,339534928
/blurimage,8,41069634,7,8,2024-05-30T16:48:40.474834591Z,937142,41101134
/blurimage,8,100118392,7,8,2024-05-30T16:48:40.726072403Z,2791138,100132081
/blurimage,8,140014035,7,8,2024-05-30T16:48:41.148048182Z,4616842,140029681
/blurimage,8,212918455,7,8,2024-05-30T16:48:41.743668374Z,6454658,212937522
/blurimage,8,234640602,7,8,2024-05-30T16:48:42.384148231Z,8267794,234660089
/blurimage,8,342889347,7,8,2024-05-30T16:48:43.209610673Z,10114670,342906459
/blurimage,8,381714647,7,8,2024-05-30T16:48:44.185435298Z,11928686,381734692
/blurimage,8,395325090,7,8,2024-05-30T16:48:45.262804718Z,13735934,395337592
/blurimage,8,437830348,7,8,2024-05-30T16:48:46.372535259Z,15580462,437846063
/blurimage,8,480000707,7,8,2024-05-30T16:48:47.603136710Z,17373622,480013559
/blurimage,8,50186101,7,8,2024-05-30T16:48:47.789357262Z,1310774,50199929
/blurimage,8,127000470,7,8,2024-05-30T16:48:48.147267182Z,3895602,127026662
/blurimage,8,182786023,7,8,2024-05-30T16:48:48.659953432Z,6470742,182800411
/blurimage,8,255637431,7,8,2024-05-30T16:48:49.346469599Z,9038894,255653496
/blurimage,8,321934913,7,8,2024-05-30T16:48:50.199642736Z,11605442,321953282
/blurimage,8,404287203,7,8,2024-05-30T16:48:51.309726543Z,14153274,404304175
/blurimage,8,464070011,7,8,2024-05-30T16:48:52.526539451Z,16708730,464088309
/blurimage,8,546636020,7,8,2024-05-30T16:48:53.964311558Z,19225930,546649430
/blurimage,8,690038488,7,8,2024-05-30T16:48:55.735916680Z,21795510,690057695
/blurimage,8,672648142,7,8,2024-05-30T16:48:57.535482117Z,24323070,672666231
/blurimage,8,65533400,7,8,2024-05-30T16:48:57.753513987Z,1681410,65549464
/blurimage,8,175839998,7,8,2024-05-30T16:48:58.235233880Z,5021414,175861440
/blurimage,8,266254335,7,8,2024-05-30T16:48:58.936803865Z,8338830,266270608
/blurimage,8,334186561,7,8,2024-05-30T16:48:59.813179124Z,11613154,334198505
/blurimage,8,419574019,7,8,2024-05-30T16:49:00.889347733Z,14888162,419586380
/blurimage,8,514329306,7,8,2024-05-30T16:49:02.186416593Z,18158022,514344183
/blurimage,8,600871268,7,8,2024-05-30T16:49:03.722380263Z,21465218,600887332
/blurimage,8,674124064,7,8,2024-05-30T16:49:05.429426365Z,24715574,674141455
/blurimage,8,764908149,7,8,2024-05-30T16:49:07.344083274Z,28000978,764921001
/blurimage,8,856301266,7,8,2024-05-30T16:49:09.482215546Z,31283654,856316562
/blurimage,8,76408162,7,8,2024-05-30T16:49:09.718649856Z,2059330,76427788
/blurimage,8,188791612,7,8,2024-05-30T16:49:10.227194067Z,6137034,188821924
/blurimage,8,297759810,7,8,2024-05-30T16:49:11.001830857Z,10173298,297772241
/blurimage,8,421802848,7,8,2024-05-30T16:49:12.058392094Z,14202342,421819471
/blurimage,8,566808841,7,8,2024-05-30T16:49:13.467698152Z,18204262,566825324
/blurimage,8,607575916,7,8,2024-05-30T16:49:15.006313271Z,22226358,607592189
/blurimage,8,714527048,7,8,2024-05-30T16:49:16.821305978Z,26224590,714549886
/blurimage,8,865787621,7,8,2024-05-30T16:49:18.925677683Z,30216962,865799982
/blurimage,8,941712749,7,8,2024-05-30T16:49:21.278762167Z,34224738,941727136
/blurimage,8,1094928646,7,8,2024-05-30T16:49:23.962548676Z,38209366,1094945967
/blurimage,8,87767986,7,8,2024-05-30T16:49:24.231977095Z,2431086,87813663
/blurimage,8,214479445,7,8,2024-05-30T16:49:24.805008667Z,7252574,214491319
/blurimage,8,337076105,7,8,2024-05-30T16:49:25.675997285Z,12033554,337090772
/blurimage,8,457564485,7,8,2024-05-30T16:49:26.860328034Z,16778838,457577196
/blurimage,8,578765682,7,8,2024-05-30T16:49:28.340710162Z,21531306,578779651
/blurimage,8,714507212,7,8,2024-05-30T16:49:30.143316074Z,26267838,714520552
/blurimage,8,850252164,7,8,2024-05-30T16:49:32.269332053Z,30997114,850270044
/blurimage,8,997876921,7,8,2024-05-30T16:49:34.802398084Z,35723638,997890190
/blurimage,8,1217591796,7,8,2024-05-30T16:49:37.702404246Z,40442998,1217620852
/blurimage,8,1246646481,7,8,2024-05-30T16:49:40.902057864Z,45165422,1246664501
/blurimage,8,101045138,7,8,2024-05-30T16:49:41.202766235Z,2810342,101058408
/blurimage,8,267338787,7,8,2024-05-30T16:49:41.903301077Z,8362866,267354921
/blurimage,8,484107965,7,8,2024-05-30T16:49:43.090077028Z,13872290,484123191
/blurimage,8,610600816,7,8,2024-05-30T16:49:44.663804524Z,19374698,610631896
/blurimage,8,697180213,7,8,2024-05-30T16:49:46.435772830Z,24854270,697195928
/blurimage,8,849107926,7,8,2024-05-30T16:49:48.582491668Z,30313218,849120778
/blurimage,8,961137272,7,8,2024-05-30T16:49:51.032149104Z,35770998,961149705
/blurimage,8,1186626837,7,8,2024-05-30T16:49:53.871154467Z,41225202,1186651002
/blurimage,8,1277450244,7,8,2024-05-30T16:49:57.062573666Z,46679362,1277470917
/blurimage,8,1422621695,7,8,2024-05-30T16:50:00.614863360Z,52113102,1422641601
/blurimage,8,113086280,7,8,2024-05-30T16:50:00.939191234Z,3181722,113105067
/blurimage,8,274989039,7,8,2024-05-30T16:50:01.668490144Z,9479162,275016627
/blurimage,8,486038425,7,8,2024-05-30T16:50:02.853894030Z,15720638,486055606
/blurimage,8,607156229,7,8,2024-05-30T16:50:04.478124084Z,21959998,607173969
/blurimage,8,761943524,7,8,2024-05-30T16:50:06.417546340Z,28142478,761959728
/blurimage,8,956178979,7,8,2024-05-30T16:50:08.809083861Z,34343022,956195602
/blurimage,8,1115011858,7,8,2024-05-30T16:50:11.602417006Z,40521434,1115032812
/blurimage,8,1252474948,7,8,2024-05-30T16:50:14.771543998Z,46739898,1252488987
/blurimage,8,1432830785,7,8,2024-05-30T16:50:18.338692370Z,52894022,1432850201
/blurimage,8,1610369644,7,8,2024-05-30T16:50:22.334915222Z,59064606,1610385218
/blurimage,8,123794188,7,8,2024-05-30T16:50:22.687829274Z,3553038,123810740
/blurimage,8,305301735,7,8,2024-05-30T16:50:23.526016480Z,10593910,305315564
/blurimage,8,531623758,7,8,2024-05-30T16:50:24.859234886Z,17568586,531644711
/blurimage,8,873896671,7,8,2024-05-30T16:50:26.749972107Z,24528158,873909592
/blurimage,8,844370965,7,8,2024-05-30T16:50:28.910979215Z,31482958,844381232
/blurimage,8,1064943164,7,8,2024-05-30T16:50:31.541989705Z,38357090,1064957692
/blurimage,8,1232614326,7,8,2024-05-30T16:50:34.665128021Z,45295986,1232651971
/blurimage,8,1425667548,7,8,2024-05-30T16:50:38.178151217Z,52214782,1425740813
/blurimage,8,1586404418,7,8,2024-05-30T16:50:42.136697826Z,59112930,1586419365
/blurimage,8,1757944113,7,8,2024-05-30T16:50:46.653193135Z,66030630,1757972888
/blurimage,8,9342129,7,8,2024-05-30T16:50:46.750995253Z,187330,9348275
/blurimage,8,24287132,7,8,2024-05-30T16:50:46.870732192Z,556650,24300681
/blurimage,8,34972411,7,8,2024-05-30T16:50:47.017420633Z,926182,34979605
/blurimage,8,50341851,7,8,2024-05-30T16:50:47.191421106Z,1294654,50348975
/blurimage,8,59358860,7,8,2024-05-30T16:50:47.390378715Z,1657622,59370664
/blurimage,8,69588554,7,8,2024-05-30T16:50:47.616414033Z,2024810,69597983
/blurimage,8,82981506,7,8,2024-05-30T16:50:47.870692529Z,2383442,82991912
/blurimage,8,90426071,7,8,2024-05-30T16:50:48.146179408Z,2747530,90437594
/blurimage,8,103074357,7,8,2024-05-30T16:50:48.450090430Z,3108794,103081062
/blurimage,8,116431758,7,8,2024-05-30T16:50:48.786725826Z,3479910,116440419
/blurimage,8,22899701,7,8,2024-05-30T16:50:48.906405004Z,562614,22906825
/blurimage,8,59767791,7,8,2024-05-30T16:50:49.071004401Z,1675762,59778896
/blurimage,8,83242020,7,8,2024-05-30T16:50:49.338753376Z,2778378,83251449
/blurimage,8,117486667,7,8,2024-05-30T16:50:49.684722380Z,3872566,117497074
/blurimage,8,144751486,7,8,2024-05-30T16:50:50.100836237Z,4967862,144760076
/blurimage,8,175202751,7,8,2024-05-30T16:50:50.594894802Z,6060662,175213786
/blurimage,8,200372907,7,8,2024-05-30T16:50:51.155328445Z,7162506,200382476
/blurimage,8,230484526,7,8,2024-05-30T16:50:51.784450434Z,8243122,230491230
/blurimage,8,272500183,7,8,2024-05-30T16:50:52.489371905Z,9324982,272510171
/blurimage,8,345508389,7,8,2024-05-30T16:50:53.312521008Z,10429530,345518028
/blurimage,8,37154166,7,8,2024-05-30T16:50:53.464138059Z,937142,37166110
/blurimage,8,91187219,7,8,2024-05-30T16:50:53.702738271Z,2791138,91194762
/blurimage,8,144728437,7,8,2024-05-30T16:50:54.098868861Z,4616842,144740381
/blurimage,8,178455478,7,8,2024-05-30T16:50:54.606410965Z,6454658,178464558
/blurimage,8,226084068,7,8,2024-05-30T16:50:55.233128051Z,8267794,226094195
/blurimage,8,284223539,7,8,2024-05-30T16:50:55.984599247Z,10114670,284233946
/blurimage,8,334203184,7,8,2024-05-30T16:50:56.850847831Z,11928686,334213102
/blurimage,8,409989185,7,8,2024-05-30T16:50:57.868803983Z,13735934,409998335
/blurimage,8,433747675,7,8,2024-05-30T16:50:58.983007758Z,15580462,433755359
/blurimage,8,486209890,7,8,2024-05-30T16:51:00.233700383Z,17373622,486219318
/blurimage,8,51692335,7,8,2024-05-30T16:51:00.420275528Z,1310774,51700856
/blurimage,8,116979747,7,8,2024-05-30T16:51:00.766619100Z,3895602,116987430
/blurimage,8,181095892,7,8,2024-05-30T16:51:01.278554049Z,6470742,181107906
/blurimage,8,250960186,7,8,2024-05-30T16:51:01.954615977Z,9038894,250974364
/blurimage,8,322872974,7,8,2024-05-30T16:51:02.803893273Z,11605442,322883521
/blurimage,8,384033993,7,8,2024-05-30T16:51:03.868523401Z,14153274,384044819
/blurimage,8,472152731,7,8,2024-05-30T16:51:05.077153783Z,16708730,472164813
/blurimage,8,538252277,7,8,2024-05-30T16:51:06.463844262Z,19225930,538259750
/blurimage,8,585973339,7,8,2024-05-30T16:51:07.976367436Z,21795510,585983256
/blurimage,8,664880833,7,8,2024-05-30T16:51:09.655129642Z,24323070,664887608
/blurimage,8,66292593,7,8,2024-05-30T16:51:09.868873221Z,1681410,66298809
/blurimage,8,159653186,7,8,2024-05-30T16:51:10.297698223Z,5021414,159661777
/blurimage,8,239221465,7,8,2024-05-30T16:51:10.943947670Z,8338830,239228589
/blurimage,8,332219293,7,8,2024-05-30T16:51:11.798716860Z,11613154,332231097
/blurimage,8,420364851,7,8,2024-05-30T16:51:12.872323070Z,14888162,420371905
/blurimage,8,507339560,7,8,2024-05-30T16:51:14.218542957Z,18158022,507352480
/blurimage,8,602924163,7,8,2024-05-30T16:51:15.730305123Z,21465218,602935827
/blurimage,8,668063928,7,8,2024-05-30T16:51:17.443110618Z,24715574,668073915
/blurimage,8,758107956,7,8,2024-05-30T16:51:19.352253772Z,28000978,758118992
/blurimage,8,868265790,7,8,2024-05-30T16:51:21.493480018Z,31283654,868272914
/blurimage,8,73120793,7,8,2024-05-30T16:51:21.730521054Z,2059330,73133155
/blurimage,8,177517836,7,8,2024-05-30T16:51:22.228624856Z,6137034,177527823
/blurimage,8,286633262,7,8,2024-05-30T16:51:22.984023952Z,10173298,286644227
/blurimage,8,391329722,7,8,2024-05-30T16:51:24.030000204Z,14202342,391341107
/blurimage,8,501876161,7,8,2024-05-30T16:51:25.358802996Z,18204262,501881818
/blurimage,8,627318225,7,8,2024-05-30T16:51:26.927821887Z,22226358,627326327
/blurimage,8,706982956,7,8,2024-05-30T16:51:28.732197620Z,26224590,706989592
/blurimage,8,806011798,7,8,2024-05-30T16:51:30.780968997Z,30216962,806018502
/blurimage,8,1007697264,7,8,2024-05-30T16:51:33.220265923Z,34224738,1007709068
/blurimage,8,1024709270,7,8,2024-05-30T16:51:35.800323087Z,38209366,1024720236
/blurimage,8,88069009,7,8,2024-05-30T16:51:36.067695678Z,2431086,88075783
/blurimage,8,209813794,7,8,2024-05-30T16:51:36.634693724Z,7252574,209820429
/blurimage,8,344428338,7,8,2024-05-30T16:51:37.619104916Z,12033554,344441188
/blurimage,8,459534755,7,8,2024-05-30T16:51:38.804427155Z,16778838,459540972
/blurimage,8,596917526,7,8,2024-05-30T16:51:40.304867701Z,21531306,596929330
/blurimage,8,717562354,7,8,2024-05-30T16:51:42.100495321Z,26267838,717572900
/blurimage,8,840595253,7,8,2024-05-30T16:51:44.268353956Z,30997114,840606638
/blurimage,8,965939956,7,8,2024-05-30T16:51:46.696549130Z,35723638,965946102
/blurimage,8,1099094571,7,8,2024-05-30T16:51:49.440370089Z,40442998,1099105187
/blurimage,8,1205108619,7,8,2024-05-30T16:51:52.466923371Z,45165422,1205116232
/blurimage,8,96978600,7,8,2024-05-30T16:51:52.761641448Z,2810342,96985724
/blurimage,8,261325025,7,8,2024-05-30T16:51:53.473832946Z,8362866,261333686
/blurimage,8,387270029,7,8,2024-05-30T16:51:54.473686004Z,13872290,387277222
/blurimage,8,539561693,7,8,2024-05-30T16:51:55.884255592Z,19374698,539571611
/blurimage,8,726726104,7,8,2024-05-30T16:51:57.697595813Z,24854270,726754879
/blurimage,8,866601291,7,8,2024-05-30T16:51:59.940906531Z,30313218,866608904
/blurimage,8,972778632,7,8,2024-05-30T16:52:02.405891151Z,35770998,972788550
/blurimage,8,1255398367,7,8,2024-05-30T16:52:05.470243389Z,41225202,1255408494
/blurimage,8,1350543239,7,8,2024-05-30T16:52:08.798912447Z,46679362,1350553366
/blurimage,8,1459504731,7,8,2024-05-30T16:52:12.446840943Z,52113102,1459513322
/blurimage,8,118526280,7,8,2024-05-30T16:52:12.780654473Z,3181722,118533964
/blurimage,8,294580626,7,8,2024-05-30T16:52:13.615560665Z,9479162,294587261
/blurimage,8,480278264,7,8,2024-05-30T16:52:14.827292076Z,15720638,480288741
/blurimage,8,642144076,7,8,2024-05-30T16:52:16.507363139Z,21959998,642158324
/blurimage,8,761904552,7,8,2024-05-30T16:52:18.434935833Z,28142478,761915378
/blurimage,8,952098471,7,8,2024-05-30T16:52:20.786957726Z,34343022,952106992
/blurimage,8,1159361878,7,8,2024-05-30T16:52:23.604303939Z,40521434,1159372355
/blurimage,8,1239834415,7,8,2024-05-30T16:52:26.787560448Z,46739898,1239844333
/blurimage,8,1414748155,7,8,2024-05-30T16:52:30.325773986Z,52894022,1414758561
/blurimage,8,1609208783,7,8,2024-05-30T16:52:34.327033356Z,59064606,1609218141
/blurimage,8,120546069,7,8,2024-05-30T16:52:34.676554155Z,3553038,120554241
/blurimage,8,297647920,7,8,2024-05-30T16:52:35.462875328Z,10593910,297658327
/blurimage,8,490307578,7,8,2024-05-30T16:52:36.704551502Z,17568586,490314771
/blurimage,8,665909062,7,8,2024-05-30T16:52:38.409409843Z,24528158,665917093
/blurimage,8,855912380,7,8,2024-05-30T16:52:40.558423792Z,31482958,855918736
/blurimage,8,1101557235,7,8,2024-05-30T16:52:43.223629131Z,38357090,1101568828
/blurimage,8,1223864116,7,8,2024-05-30T16:52:46.262519967Z,45295986,1223871240
/blurimage,8,1397345656,7,8,2024-05-30T16:52:49.762337600Z,52214782,1397356831
/blurimage,8,1696291609,7,8,2024-05-30T16:52:53.812789345Z,59112930,1696302225
/blurimage,8,1746881123,7,8,2024-05-30T16:52:58.201287034Z,66030630,1746888456
/blurimage,8,9902269,7,8,2024-05-30T16:52:58.301573678Z,187330,9909533
/blurimage,8,25198234,7,8,2024-05-30T16:52:58.420240063Z,556650,25205917
/blurimage,8,36928503,7,8,2024-05-30T16:52:58.565922137Z,926182,36936047
/blurimage,8,48662476,7,8,2024-05-30T16:52:58.741232096Z,1294654,48669251
/blurimage,8,61941724,7,8,2024-05-30T16:52:58.943620253Z,1657622,61949196
/blurimage,8,68350237,7,8,2024-05-30T16:52:59.172340405Z,2024810,68360504
/blurimage,8,84020909,7,8,2024-05-30T16:52:59.425505464Z,2383442,84030897
/blurimage,8,91568492,7,8,2024-05-30T16:52:59.700631954Z,2747530,91577432
/blurimage,8,100944006,7,8,2024-05-30T16:53:00.002037986Z,3108794,100952108
/blurimage,8,111085069,7,8,2024-05-30T16:53:00.326703272Z,3479910,111094217
/blurimage,8,23011729,7,8,2024-05-30T16:53:00.448997162Z,562614,23019481
/blurimage,8,57650570,7,8,2024-05-30T16:53:00.609625496Z,1675762,57659650
/blurimage,8,86576743,7,8,2024-05-30T16:53:00.884697089Z,2778378,86583868
/blurimage,8,114581338,7,8,2024-05-30T16:53:01.229779087Z,3872566,114591885
/blurimage,8,146723712,7,8,2024-05-30T16:53:01.648822648Z,4967862,146733211
/blurimage,8,177536903,7,8,2024-05-30T16:53:02.141179768Z,6060662,177547869
/blurimage,8,207336463,7,8,2024-05-30T16:53:02.701644282Z,7162506,207348266
/blurimage,8,238515492,7,8,2024-05-30T16:53:03.375603935Z,8243122,238535956
/blurimage,8,260873351,7,8,2024-05-30T16:53:04.069260919Z,9324982,260881942
/blurimage,8,298209738,7,8,2024-05-30T16:53:04.863886004Z,10429530,298221681
/blurimage,8,39289197,7,8,2024-05-30T16:53:05.017658201Z,937142,39296181
/blurimage,8,87607137,7,8,2024-05-30T16:53:05.251612946Z,2791138,87615728
/blurimage,8,131672338,7,8,2024-05-30T16:53:05.637813119Z,4616842,131682675
/blurimage,8,181179984,7,8,2024-05-30T16:53:06.150832869Z,6454658,181189901
/blurimage,8,237620035,7,8,2024-05-30T16:53:06.779415532Z,8267794,237626810
/blurimage,8,281414594,7,8,2024-05-30T16:53:07.521317749Z,10114670,281423673
/blurimage,8,334497293,7,8,2024-05-30T16:53:08.393531064Z,11928686,334506024
/blurimage,8,385697933,7,8,2024-05-30T16:53:09.383739434Z,13735934,385706663
/blurimage,8,499463784,7,8,2024-05-30T16:53:10.579008991Z,15580462,499471537
/blurimage,8,513353530,7,8,2024-05-30T16:53:11.849580049Z,17373622,513361981
/blurimage,8,56628837,7,8,2024-05-30T16:53:12.049502819Z,1310774,56637987
/blurimage,8,127908709,7,8,2024-05-30T16:53:12.408283681Z,3895602,127915413
/blurimage,8,202344924,7,8,2024-05-30T16:53:12.954894977Z,6470742,202356168
/blurimage,8,266207330,7,8,2024-05-30T16:53:13.749743699Z,9038894,266216828
/blurimage,8,351569015,7,8,2024-05-30T16:53:14.657968131Z,11605442,351578165
/blurimage,8,430664945,7,8,2024-05-30T16:53:15.768119196Z,14153274,430671231
/blurimage,8,470648941,7,8,2024-05-30T16:53:17.037488676Z,16708730,470661861
/blurimage,8,528426136,7,8,2024-05-30T16:53:18.417098961Z,19225930,528435635
/blurimage,8,593367058,7,8,2024-05-30T16:53:19.923424688Z,21795510,593378373
/blurimage,8,677188705,7,8,2024-05-30T16:53:21.631797598Z,24323070,677200648
/blurimage,8,66601160,7,8,2024-05-30T16:53:21.858867499Z,1681410,66612543
/blurimage,8,152130816,7,8,2024-05-30T16:53:22.284595314Z,5021414,152145484
/blurimage,8,234703461,7,8,2024-05-30T16:53:22.922021216Z,8338830,234710516
/blurimage,8,325878039,7,8,2024-05-30T16:53:23.826459180Z,11613154,325887118
/blurimage,8,409509085,7,8,2024-05-30T16:53:24.927138837Z,14888162,409520678
/blurimage,8,505407493,7,8,2024-05-30T16:53:26.216086285Z,18158022,505419017
/blurimage,8,569408746,7,8,2024-05-30T16:53:27.683732613Z,21465218,569422506
/blurimage,8,669899891,7,8,2024-05-30T16:53:29.380574725Z,24715574,669912252
/blurimage,8,767909443,7,8,2024-05-30T16:53:31.304271971Z,28000978,767919011
/blurimage,8,915725778,7,8,2024-05-30T16:53:33.485779883Z,31283654,915732972
/blurimage,8,75540433,7,8,2024-05-30T16:53:33.728261060Z,2059330,75551748
/blurimage,8,175217278,7,8,2024-05-30T16:53:34.216951632Z,6137034,175229291
/blurimage,8,284284303,7,8,2024-05-30T16:53:34.965987054Z,10173298,284290938
/blurimage,8,389164520,7,8,2024-05-30T16:53:35.979665742Z,14202342,389175904
/blurimage,8,506443054,7,8,2024-05-30T16:53:37.291875166Z,18204262,506449201
/blurimage,8,598920763,7,8,2024-05-30T16:53:38.825433024Z,22226358,598928026
/blurimage,8,709688185,7,8,2024-05-30T16:53:40.638268141Z,26224590,709699081
/blurimage,8,838555698,7,8,2024-05-30T16:53:42.747153100Z,30216962,838566175
/blurimage,8,928728517,7,8,2024-05-30T16:53:45.114836935Z,34224738,928738994
/blurimage,8,1062977294,7,8,2024-05-30T16:53:47.742758199Z,38209366,1062987141
/blurimage,8,87712111,7,8,2024-05-30T16:53:48.009576376Z,2431086,87723426
/blurimage,8,213029296,7,8,2024-05-30T16:53:48.584883783Z,7252574,213036350
/blurimage,8,335839186,7,8,2024-05-30T16:53:49.471472811Z,12033554,335847707
/blurimage,8,461670974,7,8,2024-05-30T16:53:50.652619207Z,16778838,461678935
/blurimage,8,584329514,7,8,2024-05-30T16:53:52.158381091Z,21531306,584336150
/blurimage,8,713615457,7,8,2024-05-30T16:53:54.021585227Z,26267838,713626492
/blurimage,8,857300090,7,8,2024-05-30T16:53:56.136144651Z,30997114,857311545
/blurimage,8,994835817,7,8,2024-05-30T16:53:58.607391463Z,35723638,994846503
/blurimage,8,1095998082,7,8,2024-05-30T16:54:01.341508647Z,40442998,1096004437
/blurimage,8,1227041693,7,8,2024-05-30T16:54:04.426763216Z,45165422,1227052309
/blurimage,8,96974619,7,8,2024-05-30T16:54:04.721736011Z,2810342,96984676
/blurimage,8,244243595,7,8,2024-05-30T16:54:05.369109791Z,8362866,244255119
/blurimage,8,386961183,7,8,2024-05-30T16:54:06.369352014Z,13872290,386968795
/blurimage,8,545889398,7,8,2024-05-30T16:54:07.726951001Z,19374698,545899316
/blurimage,8,681306019,7,8,2024-05-30T16:54:09.439030339Z,24854270,681318032
/blurimage,8,822931053,7,8,2024-05-30T16:54:11.520015119Z,30313218,822938037
/blurimage,8,1017428628,7,8,2024-05-30T16:54:14.024982407Z,35770998,1017435891
/blurimage,8,1099403486,7,8,2024-05-30T16:54:16.804279067Z,41225202,1099413474
/blurimage,8,1251135081,7,8,2024-05-30T16:54:19.940829611Z,46679362,1251145138
/blurimage,8,1499260898,7,8,2024-05-30T16:54:23.569504071Z,52113102,1499272353
/blurimage,8,109389560,7,8,2024-05-30T16:54:23.891474464Z,3181722,109400525
/blurimage,8,299591233,7,8,2024-05-30T16:54:24.654911301Z,9479162,299601429
/blurimage,8,447639656,7,8,2024-05-30T16:54:25.807872140Z,15720638,447660330
/blurimage,8,594697776,7,8,2024-05-30T16:54:27.333942480Z,21959998,594708672
/blurimage,8,775972746,7,8,2024-05-30T16:54:29.259851304Z,28142478,775980429
/blurimage,8,955821871,7,8,2024-05-30T16:54:31.616781343Z,34343022,955831929
/blurimage,8,1120234159,7,8,2024-05-30T16:54:34.414403267Z,40521434,1120262515
/blurimage,8,1253299654,7,8,2024-05-30T16:54:37.546598892Z,46739898,1253306709
/blurimage,8,1405179385,7,8,2024-05-30T16:54:41.092980567Z,52894022,1405187627
/blurimage,8,1599821396,7,8,2024-05-30T16:54:45.129512674Z,59064606,1599829009
/blurimage,8,123217704,7,8,2024-05-30T16:54:45.480538799Z,3553038,123229577
/blurimage,8,316258494,7,8,2024-05-30T16:54:46.282297159Z,10593910,316267504
/blurimage,8,496075073,7,8,2024-05-30T16:54:47.518513916Z,17568586,496086177
/blurimage,8,670516883,7,8,2024-05-30T16:54:49.192887188Z,24528158,670525893
/blurimage,8,848448469,7,8,2024-05-30T16:54:51.323790779Z,31482958,848459714
/blurimage,8,1078288414,7,8,2024-05-30T16:54:53.969441687Z,38357090,1078296096
/blurimage,8,1220105446,7,8,2024-05-30T16:54:57.025893217Z,45295986,1220115853
/blurimage,8,1399268852,7,8,2024-05-30T16:55:00.536806526Z,52214782,1399279259
/blurimage,8,1633504017,7,8,2024-05-30T16:55:04.606130266Z,59112930,1633511141
/blurimage,8,1809276616,7,8,2024-05-30T16:55:09.065566993Z,66030630,1809284718
/blurimage,8,9151108,7,8,2024-05-30T16:55:09.168758476Z,187330,9157673
/blurimage,8,23516903,7,8,2024-05-30T16:55:09.283424535Z,556650,23524516
/blurimage,8,36247186,7,8,2024-05-30T16:55:09.426735439Z,926182,36255847
/blurimage,8,46719863,7,8,2024-05-30T16:55:09.595340610Z,1294654,46730340
/blurimage,8,63194567,7,8,2024-05-30T16:55:09.800904458Z,1657622,63205463
/blurimage,8,66971397,7,8,2024-05-30T16:55:10.021941742Z,2024810,66982432
/blurimage,8,83461327,7,8,2024-05-30T16:55:10.276527477Z,2383442,83471874
/blurimage,8,92514865,7,8,2024-05-30T16:55:10.552216063Z,2747530,92525341
/blurimage,8,103266774,7,8,2024-05-30T16:55:10.855793933Z,3108794,103278857
/blurimage,8,118333653,7,8,2024-05-30T16:55:11.189804351Z,3479910,118343082
/blurimage,8,24815075,7,8,2024-05-30T16:55:11.311588387Z,562614,24822129
/blurimage,8,56343808,7,8,2024-05-30T16:55:11.470592872Z,1675762,56354913
/blurimage,8,84218914,7,8,2024-05-30T16:55:11.737151302Z,2778378,84229530
/blurimage,8,113057155,7,8,2024-05-30T16:55:12.077375511Z,3872566,113069587
/blurimage,8,154671495,7,8,2024-05-30T16:55:12.515203484Z,4967862,154682391
/blurimage,8,172691056,7,8,2024-05-30T16:55:12.998236914Z,6060662,172699717
/blurimage,8,202703498,7,8,2024-05-30T16:55:13.590405815Z,7162506,202715511
/blurimage,8,227450965,7,8,2024-05-30T16:55:14.213910333Z,8243122,227457112
/blurimage,8,265604026,7,8,2024-05-30T16:55:14.925171313Z,9324982,265611220
/blurimage,8,310095758,7,8,2024-05-30T16:55:15.748320974Z,10429530,310104139
/blurimage,8,37002398,7,8,2024-05-30T16:55:15.903033677Z,937142,37009172
/blurimage,8,86787320,7,8,2024-05-30T16:55:16.136207996Z,2791138,86795562
/blurimage,8,136820535,7,8,2024-05-30T16:55:16.541429489Z,4616842,136829125
/blurimage,8,176276237,7,8,2024-05-30T16:55:17.040757428Z,6454658,176286155
/blurimage,8,223795452,7,8,2024-05-30T16:55:17.660473593Z,8267794,223803136
/blurimage,8,282080546,7,8,2024-05-30T16:55:18.403817369Z,10114670,282107157
/blurimage,8,328894278,7,8,2024-05-30T16:55:19.268911798Z,11928686,328904755
/blurimage,8,387964059,7,8,2024-05-30T16:55:20.267014800Z,13735934,387972230
/blurimage,8,422486681,7,8,2024-05-30T16:55:21.371734037Z,15580462,422497716
/blurimage,8,480909016,7,8,2024-05-30T16:55:22.605078920Z,17373622,480915861
/blurimage,8,49269202,7,8,2024-05-30T16:55:22.786814575Z,1310774,49277164
/blurimage,8,156871200,7,8,2024-05-30T16:55:23.172336433Z,3895602,156879860
/blurimage,8,184178413,7,8,2024-05-30T16:55:23.686988763Z,6470742,184185536
/blurimage,8,268069833,7,8,2024-05-30T16:55:24.379680796Z,9038894,268078983
/blurimage,8,335426833,7,8,2024-05-30T16:55:25.272781286Z,11605442,335436332
/blurimage,8,393139913,7,8,2024-05-30T16:55:26.300003787Z,14153274,393151926
/blurimage,8,458874739,7,8,2024-05-30T16:55:27.489342348Z,16708730,458885775
/blurimage,8,533388061,7,8,2024-05-30T16:55:28.855345054Z,19225930,533398259
/blurimage,8,592983130,7,8,2024-05-30T16:55:30.391449387Z,21795510,592988928
/blurimage,8,663636231,7,8,2024-05-30T16:55:32.082325999Z,24323070,663646637
/blurimage,8,65017749,7,8,2024-05-30T16:55:32.293645119Z,1681410,65028155
/blurimage,8,147039192,7,8,2024-05-30T16:55:32.710887150Z,5021414,147046806
/blurimage,8,239668879,7,8,2024-05-30T16:55:33.388936669Z,8338830,239676073
/blurimage,8,331379781,7,8,2024-05-30T16:55:34.251081419Z,11613154,331389698
/blurimage,8,405790993,7,8,2024-05-30T16:55:35.313085241Z,14888162,405798676
/blurimage,8,519304781,7,8,2024-05-30T16:55:36.629223962Z,18158022,519312395
/blurimage,8,610580980,7,8,2024-05-30T16:55:38.150462284Z,21465218,610590968
/blurimage,8,737237963,7,8,2024-05-30T16:55:39.933762546Z,24715574,737249347
/blurimage,8,802804607,7,8,2024-05-30T16:55:41.900392278Z,28000978,802816900
/blurimage,8,858864085,7,8,2024-05-30T16:55:44.124057140Z,31283654,858897470
/blurimage,8,75445587,7,8,2024-05-30T16:55:44.366182537Z,2059330,75452710
/blurimage,8,175607980,7,8,2024-05-30T16:55:44.859146942Z,6137034,175613706
/blurimage,8,295448286,7,8,2024-05-30T16:55:45.622519454Z,10173298,295457854
/blurimage,8,409844470,7,8,2024-05-30T16:55:46.650670797Z,14202342,409855925
/blurimage,8,502980309,7,8,2024-05-30T16:55:47.977562475Z,18204262,502991275
/blurimage,8,597202346,7,8,2024-05-30T16:55:49.523422827Z,22226358,597217152
/blurimage,8,718895657,7,8,2024-05-30T16:55:51.334416952Z,26224590,718902291
/blurimage,8,982448394,7,8,2024-05-30T16:55:53.570896885Z,30216962,982459499
/blurimage,8,1028239974,7,8,2024-05-30T16:55:56.212659495Z,34224738,1028247587
/blurimage,8,1100443239,7,8,2024-05-30T16:55:58.955018920Z,38209366,1100451691
/blurimage,8,89407550,7,8,2024-05-30T16:55:59.234325093Z,2431086,89417957
/blurimage,8,204978843,7,8,2024-05-30T16:55:59.798896794Z,7252574,204990577
/blurimage,8,393717514,7,8,2024-05-30T16:56:00.841073308Z,12033554,393724708
/blurimage,8,606413170,7,8,2024-05-30T16:56:02.314941669Z,16778838,606421412
/blurimage,8,682210067,7,8,2024-05-30T16:56:04.135799021Z,21531306,682218168
/blurimage,8,740061016,7,8,2024-05-30T16:56:06.034149408Z,26267838,740072820
/blurimage,8,877243757,7,8,2024-05-30T16:56:08.226229104Z,30997114,877254722
/blurimage,8,967507861,7,8,2024-05-30T16:56:10.741088325Z,35723638,967514007
/blurimage,8,1179968006,7,8,2024-05-30T16:56:13.588464649Z,40442998,1179980507
/blurimage,8,1217197882,7,8,2024-05-30T16:56:16.681267640Z,45165422,1217207939
/blurimage,8,101224635,7,8,2024-05-30T16:56:16.981596414Z,2810342,101234692
/blurimage,8,235337427,7,8,2024-05-30T16:56:17.624017837Z,8362866,235343991
/blurimage,8,382421598,7,8,2024-05-30T16:56:18.668219658Z,13872290,382429281
/blurimage,8,560722653,7,8,2024-05-30T16:56:20.059106932Z,19374698,560733269
/blurimage,8,674351334,7,8,2024-05-30T16:56:21.773905397Z,24854270,674362717
/blurimage,8,855070632,7,8,2024-05-30T16:56:23.926719923Z,30313218,855080131
/blurimage,8,1064644656,7,8,2024-05-30T16:56:26.537466377Z,35770998,1064656458
/blurimage,8,1203679771,7,8,2024-05-30T16:56:29.635376147Z,41225202,1203687943
/blurimage,8,1259356438,7,8,2024-05-30T16:56:32.926136664Z,46679362,1259369221
/blurimage,8,1425662100,7,8,2024-05-30T16:56:36.593656888Z,52113102,1425673065
/blurimage,8,111273505,7,8,2024-05-30T16:56:36.918602523Z,3181722,111284540
/blurimage,8,274244513,7,8,2024-05-30T16:56:37.639521880Z,9479162,274255966
/blurimage,8,443217896,7,8,2024-05-30T16:56:38.767960774Z,15720638,443233611
/blurimage,8,620871787,7,8,2024-05-30T16:56:40.313564593Z,21959998,620882332
/blurimage,8,861871733,7,8,2024-05-30T16:56:42.425374717Z,28142478,861881441
/blurimage,8,946037287,7,8,2024-05-30T16:56:45.031355364Z,34343022,946043923
/blurimage,8,1095092218,7,8,2024-05-30T16:56:47.782403886Z,40521434,1095101438
/blurimage,8,1246735670,7,8,2024-05-30T16:56:50.933842722Z,46739898,1246745658
/blurimage,8,1450606315,7,8,2024-05-30T16:56:54.537684087Z,52894022,1450615395
/blurimage,8,1589535759,7,8,2024-05-30T16:56:58.481250632Z,59064606,1589550565
/blurimage,8,121364769,7,8,2024-05-30T16:56:58.825308452Z,3553038,121373779
/blurimage,8,297636955,7,8,2024-05-30T16:56:59.614419852Z,10593910,297643451
/blurimage,8,491628239,7,8,2024-05-30T16:57:00.855314344Z,17568586,491638226
/blurimage,8,659115783,7,8,2024-05-30T16:57:02.513899747Z,24528158,659123466
/blurimage,8,859108675,7,8,2024-05-30T16:57:04.701108035Z,31482958,859115309
/blurimage,8,1028548959,7,8,2024-05-30T16:57:07.273228591Z,38357090,1028559017
/blurimage,8,1218795401,7,8,2024-05-30T16:57:10.334390401Z,45295986,1218804830
/blurimage,8,1453574433,7,8,2024-05-30T16:57:13.853993156Z,52214782,1453585816
/blurimage,8,1583567815,7,8,2024-05-30T16:57:17.809802758Z,59112930,1583579548
/blurimage,8,1735491686,7,8,2024-05-30T16:57:22.240622437Z,66030630,1735498391
/blurimage,8,9514641,7,8,2024-05-30T16:57:22.342322703Z,187330,9526025
/blurimage,8,23232083,7,8,2024-05-30T16:57:22.457958182Z,556650,23242141
/blurimage,8,34603571,7,8,2024-05-30T16:57:22.603551904Z,926182,34611742
/blurimage,8,48264790,7,8,2024-05-30T16:57:22.778124950Z,1294654,48271425
/blurimage,8,57755684,7,8,2024-05-30T16:57:22.974779905Z,1657622,57762808
/blurimage,8,75382588,7,8,2024-05-30T16:57:23.235112462Z,2024810,75389922
/blurimage,8,80576881,7,8,2024-05-30T16:57:23.485943648Z,2383442,80586520
/blurimage,8,88844895,7,8,2024-05-30T16:57:23.759381543Z,2747530,88854952
/blurimage,8,103221656,7,8,2024-05-30T16:57:24.062282705Z,3108794,103229338
/blurimage,8,118270515,7,8,2024-05-30T16:57:24.394796247Z,3479910,118277848
/blurimage,8,23374703,7,8,2024-05-30T16:57:24.514242569Z,562614,23381967
/blurimage,8,63533655,7,8,2024-05-30T16:57:24.704035101Z,1675762,63542315
/blurimage,8,85060522,7,8,2024-05-30T16:57:24.980345429Z,2778378,85068485
/blurimage,8,128657984,7,8,2024-05-30T16:57:25.342315323Z,3872566,128668879
/blurimage,8,140916477,7,8,2024-05-30T16:57:25.767730451Z,4967862,140923530
/blurimage,8,173854082,7,8,2024-05-30T16:57:26.254148891Z,6060662,173865467
/blurimage,8,196035588,7,8,2024-05-30T16:57:26.808046557Z,7162506,196046693
/blurimage,8,227647782,7,8,2024-05-30T16:57:27.432760825Z,8243122,227657980
/blurimage,8,272831658,7,8,2024-05-30T16:57:28.136590720Z,9324982,272840668
/blurimage,8,296537417,7,8,2024-05-30T16:57:28.905788347Z,10429530,296548871
/blurimage,8,38494663,7,8,2024-05-30T16:57:29.061690196Z,937142,38504650
/blurimage,8,91363013,7,8,2024-05-30T16:57:29.303211381Z,2791138,91373211
/blurimage,8,133835096,7,8,2024-05-30T16:57:29.690303938Z,4616842,133845084
/blurimage,8,182600729,7,8,2024-05-30T16:57:30.198795209Z,6454658,182611206
/blurimage,8,236042840,7,8,2024-05-30T16:57:30.827388487Z,8267794,236052968
/blurimage,8,274670415,7,8,2024-05-30T16:57:31.573790060Z,10114670,274680472
/blurimage,8,332153152,7,8,2024-05-30T16:57:32.437388871Z,11928686,332160276
/blurimage,8,405989068,7,8,2024-05-30T16:57:33.462623570Z,13735934,405999824
/blurimage,8,437776638,7,8,2024-05-30T16:57:34.586400445Z,15580462,437782296
/blurimage,8,480361936,7,8,2024-05-30T16:57:35.820033291Z,17373622,480369548
/blurimage,8,52876663,7,8,2024-05-30T16:57:36.004638095Z,1310774,52885672
/blurimage,8,124404895,7,8,2024-05-30T16:57:36.356668773Z,3895602,124414324
/blurimage,8,185038529,7,8,2024-05-30T16:57:36.879668597Z,6470742,185045654
/blurimage,8,260468750,7,8,2024-05-30T16:57:37.569313171Z,9038894,260480065
/blurimage,8,321429599,7,8,2024-05-30T16:57:38.421336344Z,11605442,321437282
/blurimage,8,396473728,7,8,2024-05-30T16:57:39.440098973Z,14153274,396480433
/blurimage,8,448177168,7,8,2024-05-30T16:57:40.615597377Z,16708730,448183873
/blurimage,8,537400052,7,8,2024-05-30T16:57:41.983434299Z,19225930,537411507
/blurimage,8,636104962,7,8,2024-05-30T16:57:43.538785405Z,21795510,636114530
/blurimage,8,661541709,7,8,2024-05-30T16:57:45.206782431Z,24323070,661552954
/blurimage,8,61736664,7,8,2024-05-30T16:57:45.415964076Z,1681410,61742392
/blurimage,8,150799749,7,8,2024-05-30T16:57:45.837664255Z,5021414,150810226
/blurimage,8,235609744,7,8,2024-05-30T16:57:46.475264974Z,8338830,235616379
/blurimage,8,324727795,7,8,2024-05-30T16:57:47.318322332Z,11613154,324739110
/blurimage,8,418298964,7,8,2024-05-30T16:57:48.397506133Z,14888162,418304133
/blurimage,8,503145418,7,8,2024-05-30T16:57:49.682369721Z,18158022,503154148
/blurimage,8,593118696,7,8,2024-05-30T16:57:51.210940720Z,21465218,593125401
/blurimage,8,673316958,7,8,2024-05-30T16:57:52.925310698Z,24715574,673324432
/blurimage,8,760750116,7,8,2024-05-30T16:57:54.934601368Z,28000978,760758707
/blurimage,8,837482701,7,8,2024-05-30T16:57:57.036597085Z,31283654,837493526
/blurimage,8,75636468,7,8,2024-05-30T16:57:57.281293123Z,2059330,75647852
/blurimage,8,184237500,7,8,2024-05-30T16:57:57.777814213Z,6137034,184247697
/blurimage,8,306868104,7,8,2024-05-30T16:57:58.549474503Z,10173298,306878161
/blurimage,8,388741551,7,8,2024-05-30T16:57:59.552011069Z,14202342,388747836
/blurimage,8,497055459,7,8,2024-05-30T16:58:00.829271968Z,18204262,497068588
/blurimage,8,617529450,7,8,2024-05-30T16:58:02.378485133Z,22226358,617535806
/blurimage,8,723521497,7,8,2024-05-30T16:58:04.240961784Z,26224590,723531415
/blurimage,8,822386557,7,8,2024-05-30T16:58:06.306904758Z,30216962,822396754
/blurimage,8,928773985,7,8,2024-05-30T16:58:08.631481289Z,34224738,928783484
/blurimage,8,1025215493,7,8,2024-05-30T16:58:11.225581364Z,38209366,1025225900
/blurimage,8,86535466,7,8,2024-05-30T16:58:11.492933072Z,2431086,86544546
/blurimage,8,212328421,7,8,2024-05-30T16:58:12.073295853Z,7252574,212334567
/blurimage,8,336955766,7,8,2024-05-30T16:58:12.943719861Z,12033554,336965754
/blurimage,8,450567614,7,8,2024-05-30T16:58:14.159204425Z,16778838,450578789
/blurimage,8,589637232,7,8,2024-05-30T16:58:15.664374878Z,21531306,589647779
/blurimage,8,706995458,7,8,2024-05-30T16:58:17.451398470Z,26267838,707003141
/blurimage,8,823013467,7,8,2024-05-30T16:58:19.535216850Z,30997114,823024014
/blurimage,8,954797834,7,8,2024-05-30T16:58:21.954628149Z,35723638,954808170
/blurimage,8,1147479211,7,8,2024-05-30T16:58:24.789359191Z,40442998,1147491434
/blurimage,8,1195223042,7,8,2024-05-30T16:58:27.823979966Z,45165422,1195230655
/blurimage,8,99848308,7,8,2024-05-30T16:58:28.120789702Z,2810342,99857877
/blurimage,8,248685260,7,8,2024-05-30T16:58:28.774435731Z,8362866,248693851
/blurimage,8,385532614,7,8,2024-05-30T16:58:29.780318544Z,13872290,385539180
/blurimage,8,556944915,7,8,2024-05-30T16:58:31.150857203Z,19374698,556953366
/blurimage,8,674195234,7,8,2024-05-30T16:58:32.848615445Z,24854270,674238188
/blurimage,8,817686682,7,8,2024-05-30T16:58:34.977405797Z,30313218,817698137
/blurimage,8,969723141,7,8,2024-05-30T16:58:37.400095107Z,35770998,969734664
/blurimage,8,1105934574,7,8,2024-05-30T16:58:40.176518217Z,41225202,1105941629
/blurimage,8,1334632866,7,8,2024-05-30T16:58:43.390890197Z,46679362,1334643342
/blurimage,8,1398723518,7,8,2024-05-30T16:58:46.887909151Z,52113102,1398731620
/blurimage,8,107181683,7,8,2024-05-30T16:58:47.209710175Z,3181722,107188318
/blurimage,8,271547525,7,8,2024-05-30T16:58:47.934694395Z,9479162,271556046
/blurimage,8,487295739,7,8,2024-05-30T16:58:49.103136770Z,15720638,487305586
/blurimage,8,620009784,7,8,2024-05-30T16:58:50.677746523Z,21959998,620019352
/blurimage,8,829820435,7,8,2024-05-30T16:58:52.753045385Z,28142478,829826162
/blurimage,8,994167141,7,8,2024-05-30T16:58:55.362147246Z,34343022,994175661
/blurimage,8,1102471899,7,8,2024-05-30T16:58:58.116920285Z,40521434,1102482235
/blurimage,8,1303135632,7,8,2024-05-30T16:59:01.327148830Z,46739898,1303144642
/blurimage,8,1443227962,7,8,2024-05-30T16:59:04.925738142Z,52894022,1443235574
/blurimage,8,1590531370,7,8,2024-05-30T16:59:08.880368376Z,59064606,1590537028
/blurimage,8,132936286,7,8,2024-05-30T16:59:09.236618617Z,3553038,132943061
/blurimage,8,295989150,7,8,2024-05-30T16:59:10.030418507Z,10593910,295996763
/blurimage,8,500014636,7,8,2024-05-30T16:59:11.293076913Z,17568586,500026999
/blurimage,8,674521610,7,8,2024-05-30T16:59:12.972611792Z,24528158,674532017
/blurimage,8,876219230,7,8,2024-05-30T16:59:15.176835298Z,31482958,876226913
/blurimage,8,1030172180,7,8,2024-05-30T16:59:17.783680044Z,38357090,1030178885
/blurimage,8,1232972340,7,8,2024-05-30T16:59:20.871354114Z,45295986,1232979535
/blurimage,8,1441709994,7,8,2024-05-30T16:59:24.436949177Z,52214782,1441715651
/blurimage,8,1555361164,7,8,2024-05-30T16:59:28.515417111Z,59112930,1555369265
/blurimage,8,1758570325,7,8,2024-05-30T16:59:32.970636858Z,66030630,1758577030
/blurimage,8,13116304,7,8,2024-05-30T16:59:33.089122979Z,187330,13125803
/blurimage,8,23742287,7,8,2024-05-30T16:59:33.218837268Z,556650,23749620
/blurimage,8,35979407,7,8,2024-05-30T16:59:33.366939471Z,926182,35987928
/blurimage,8,47033318,7,8,2024-05-30T16:59:33.540811643Z,1294654,47042887
/blurimage,8,61238474,7,8,2024-05-30T16:59:33.742327251Z,1657622,61245249
/blurimage,8,70727483,7,8,2024-05-30T16:59:33.972364782Z,2024810,70738658
/blurimage,8,82488275,7,8,2024-05-30T16:59:34.227044666Z,2383442,82499799
/blurimage,8,91545653,7,8,2024-05-30T16:59:34.506423476Z,2747530,91556130
/blurimage,8,101866072,7,8,2024-05-30T16:59:34.807884195Z,3108794,101873615
/blurimage,8,147448752,7,8,2024-05-30T16:59:35.166749009Z,3479910,147465165
/blurimage,8,24356765,7,8,2024-05-30T16:59:35.287922269Z,562614,24371223
/blurimage,8,57087916,7,8,2024-05-30T16:59:35.446031855Z,1675762,57095179
/blurimage,8,86895228,7,8,2024-05-30T16:59:35.719026248Z,2778378,86906263
/blurimage,8,113389328,7,8,2024-05-30T16:59:36.061304609Z,3872566,113396522
/blurimage,8,145614326,7,8,2024-05-30T16:59:36.490728793Z,4967862,145621449
/blurimage,8,171709134,7,8,2024-05-30T16:59:36.974958913Z,6060662,171716468
/blurimage,8,203725650,7,8,2024-05-30T16:59:37.532205690Z,7162506,203736686
/blurimage,8,240998410,7,8,2024-05-30T16:59:38.172242813Z,8243122,241006093
/blurimage,8,272503326,7,8,2024-05-30T16:59:38.886209580Z,9324982,272512686
/blurimage,8,296659154,7,8,2024-05-30T16:59:39.655197607Z,10429530,296671026
/blurimage,8,38384870,7,8,2024-05-30T16:59:39.808948293Z,937142,38392413
/blurimage,8,87645831,7,8,2024-05-30T16:59:40.045887358Z,2791138,87656865
/blurimage,8,133868341,7,8,2024-05-30T16:59:40.431262476Z,4616842,133877351
/blurimage,8,185606073,7,8,2024-05-30T16:59:40.943432168Z,6454658,185617458
/blurimage,8,225058563,7,8,2024-05-30T16:59:41.565309414Z,8267794,225067643
/blurimage,8,280012984,7,8,2024-05-30T16:59:42.318019275Z,10114670,280019620
/blurimage,8,365064637,7,8,2024-05-30T16:59:43.250857215Z,11928686,365073227
/blurimage,8,427690961,7,8,2024-05-30T16:59:44.292112640Z,13735934,427699063
/blurimage,8,470870413,7,8,2024-05-30T16:59:45.461646522Z,15580462,470880401
/blurimage,8,471769851,7,8,2024-05-30T16:59:46.695390907Z,17373622,471792759
/blurimage,8,50125896,7,8,2024-05-30T16:59:46.881544270Z,1310774,50135255
/blurimage,8,120862668,7,8,2024-05-30T16:59:47.231989930Z,3895602,120874123
/blurimage,8,182647873,7,8,2024-05-30T16:59:47.757813438Z,6470742,182660795
/blurimage,8,251055312,7,8,2024-05-30T16:59:48.439087329Z,9038894,251066277
/blurimage,8,325207058,7,8,2024-05-30T16:59:49.294787316Z,11605442,325215578
/blurimage,8,426077588,7,8,2024-05-30T16:59:50.406775672Z,14153274,426104408
/blurimage,8,524001513,7,8,2024-05-30T16:59:51.702370775Z,16708730,524010034
/blurimage,8,737172939,7,8,2024-05-30T16:59:53.336230432Z,19225930,737182927
/blurimage,8,682715799,7,8,2024-05-30T16:59:55.078331501Z,21795510,682725787
/blurimage,8,723915482,7,8,2024-05-30T16:59:56.911426113Z,24323070,723930289
/blurimage,8,67904848,7,8,2024-05-30T16:59:57.138337332Z,1681410,67912531
/blurimage,8,160732959,7,8,2024-05-30T16:59:57.593897253Z,5021414,160742527
/blurimage,8,292542608,7,8,2024-05-30T16:59:58.329828034Z,8338830,292554551
/blurimage,8,409262329,7,8,2024-05-30T16:59:59.301926535Z,11613154,409269034
/blurimage,8,480348666,7,8,2024-05-30T17:00:00.518921314Z,14888162,480356348
/blurimage,8,556638514,7,8,2024-05-30T17:00:01.889293677Z,18158022,556653880
/blurimage,8,640520785,7,8,2024-05-30T17:00:03.439002307Z,21465218,640532938
/blurimage,8,683185005,7,8,2024-05-30T17:00:05.172319502Z,24715574,683191570
/blurimage,8,754239843,7,8,2024-05-30T17:00:07.086692848Z,28000978,754247105
/blurimage,8,865827081,7,8,2024-05-30T17:00:09.378630771Z,31283654,865838047
/blurimage,8,73196782,7,8,2024-05-30T17:00:09.614780541Z,2059330,73204814
/blurimage,8,193727487,7,8,2024-05-30T17:00:10.141142328Z,6137034,193738452
/blurimage,8,303372253,7,8,2024-05-30T17:00:10.932793569Z,10173298,303382729
/blurimage,8,428354260,7,8,2024-05-30T17:00:12.009578333Z,14202342,428365784
/blurimage,8,548722091,7,8,2024-05-30T17:00:13.343264686Z,18204262,548732218
/blurimage,8,617044949,7,8,2024-05-30T17:00:14.940209668Z,22226358,617051445
/blurimage,8,771800535,7,8,2024-05-30T17:00:16.871229184Z,26224590,771810872
/blurimage,8,798911560,7,8,2024-05-30T17:00:18.953359668Z,30216962,798923502
/blurimage,8,986970518,7,8,2024-05-30T17:00:21.355029172Z,34224738,986978061
/blurimage,8,1065302227,7,8,2024-05-30T17:00:24.087881569Z,38209366,1065309840
/blurimage,8,88067542,7,8,2024-05-30T17:00:24.357350148Z,2431086,88077739
/blurimage,8,259090958,7,8,2024-05-30T17:00:24.984885794Z,7252574,259097244
/blurimage,8,330135528,7,8,2024-05-30T17:00:25.864412229Z,12033554,330146074
/blurimage,8,474468654,7,8,2024-05-30T17:00:27.053096500Z,16778838,474480598
/blurimage,8,609193339,7,8,2024-05-30T17:00:28.568981986Z,21531306,609202838
/blurimage,8,753779228,7,8,2024-05-30T17:00:30.480039048Z,26267838,753785444
/blurimage,8,856854143,7,8,2024-05-30T17:00:32.639767889Z,30997114,856861197
/blurimage,8,995875150,7,8,2024-05-30T17:00:35.228373487Z,35723638,995882205
/blurimage,8,1175723997,7,8,2024-05-30T17:00:38.118025844Z,40442998,1175733145
/blurimage,8,1596755219,7,8,2024-05-30T17:00:41.791456880Z,45165422,1596763321
/blurimage,8,106033604,7,8,2024-05-30T17:00:42.111521537Z,2810342,106041147
/blurimage,8,299919355,7,8,2024-05-30T17:00:42.861273758Z,8362866,299926968
/blurimage,8,401183521,7,8,2024-05-30T17:00:43.986856283Z,13872290,401192600
/blurimage,8,602934081,7,8,2024-05-30T17:00:45.475999027Z,19374698,602941205
/blurimage,8,758523872,7,8,2024-05-30T17:00:47.411349856Z,24854270,758534278
/blurimage,8,947812417,7,8,2024-05-30T17:00:49.742914038Z,30313218,947820519
/blurimage,8,1025437594,7,8,2024-05-30T17:00:52.522518635Z,35770998,1025445626
/blurimage,8,1253586011,7,8,2024-05-30T17:00:55.678262663Z,41225202,1253597884
/blurimage,8,1363780302,7,8,2024-05-30T17:00:59.041418584Z,46679362,1363791687
/blurimage,8,1440236795,7,8,2024-05-30T17:01:02.633094067Z,52113102,1440249717
/blurimage,8,109708952,7,8,2024-05-30T17:01:02.968571746Z,3181722,109730812
/blurimage,8,290031892,7,8,2024-05-30T17:01:03.754474769Z,9479162,290042788
/blurimage,8,558769983,7,8,2024-05-30T17:01:05.012257785Z,15720638,558778015
/blurimage,8,646133438,7,8,2024-05-30T17:01:06.784249488Z,21959998,646142517
/blurimage,8,837056518,7,8,2024-05-30T17:01:08.825179802Z,28142478,837064201
/blurimage,8,1118521749,7,8,2024-05-30T17:01:11.346907522Z,34343022,1118537812
/blurimage,8,1301485172,7,8,2024-05-30T17:01:14.420838237Z,40521434,1301495300
/blurimage,8,1342441941,7,8,2024-05-30T17:01:17.746121168Z,46739898,1342453325
/blurimage,8,1506228785,7,8,2024-05-30T17:01:21.403924834Z,52894022,1506236886
/blurimage,8,1662126722,7,8,2024-05-30T17:01:25.495573327Z,59064606,1662138666
/blurimage,8,123764854,7,8,2024-05-30T17:01:25.845515001Z,3553038,123774423
/blurimage,8,308249528,7,8,2024-05-30T17:01:26.639916100Z,10593910,308256723
/blurimage,8,483097267,7,8,2024-05-30T17:01:27.875458034Z,17568586,483104740
/blurimage,8,768453589,7,8,2024-05-30T17:01:29.661815533Z,24528158,768461132
/blurimage,8,867578534,7,8,2024-05-30T17:01:31.844964755Z,31482958,867584262
/blurimage,8,1069031074,7,8,2024-05-30T17:01:34.522613182Z,38357090,1069042179
/blurimage,8,1234282385,7,8,2024-05-30T17:01:37.608983912Z,45295986,1234293840
/blurimage,8,1501168171,7,8,2024-05-30T17:01:41.445116641Z,52214782,1501178717
/blurimage,8,1708506589,7,8,2024-05-30T17:01:45.786078911Z,59112930,1708513573
/blurimage,8,1761243146,7,8,2024-05-30T17:01:50.295997175Z,66030630,1761254111
